team,matches_2026,wins_2026,losses_2026,no_results_2026,win_percentage_2026,runs_scored_2026,runs_conceded_2026,run_difference_2026
Chennai Super Kings,14,6,8,0,42.86,2530,2512,18
Delhi Capitals,14,7,7,0,50.0,2559,2581,-22
Gujarat Titans,17,10,7,0,58.82,3094,3063,31
Kolkata Knight Riders,14,5,7,2,41.67,2313,2385,-72
Lucknow Super Giants,14,4,9,1,30.77,2512,2620,-108
Mumbai Indians,14,4,10,0,28.57,2553,2636,-83
Punjab Kings,14,7,6,1,53.85,2711,2743,-32
Rajasthan Royals,16,9,7,0,56.25,3076,3064,12
Royal Challengers Bengaluru,16,11,5,0,68.75,3057,2933,124
Sunrisers Hyderabad,15,9,6,0,60.0,3050,2918,132
