team,matches_2026,wins_2026,losses_2026,win_percentage_2026,run_difference_2026
Chennai Super Kings,14.0,6.0,8.0,42.8571,18.0
Delhi Capitals,14.0,7.0,7.0,50.0,-22.0
Gujarat Titans,17.0,10.0,7.0,58.8235,31.0
Kolkata Knight Riders,14.0,5.0,7.0,41.6667,-72.0
Lucknow Super Giants,14.0,4.0,9.0,30.7692,-108.0
Mumbai Indians,14.0,4.0,10.0,28.5714,-83.0
Punjab Kings,14.0,7.0,6.0,53.8462,-32.0
Rajasthan Royals,16.0,9.0,7.0,56.25,12.0
Royal Challengers Bengaluru,16.0,11.0,5.0,68.75,124.0
Sunrisers Hyderabad,15.0,9.0,6.0,60.0,132.0
