team_a,team_b,matches_2024_2026,team_a_h2h_wins,team_b_h2h_wins,team_a_h2h_pct,team_b_h2h_pct,h2h_predicted_team
Chennai Super Kings,Delhi Capitals,4,2,2,50.0,50.0,Balanced
Chennai Super Kings,Gujarat Titans,5,2,3,40.0,60.0,Gujarat Titans
Chennai Super Kings,Kolkata Knight Riders,4,3,1,75.0,25.0,Chennai Super Kings
Chennai Super Kings,Lucknow Super Giants,5,2,3,40.0,60.0,Lucknow Super Giants
Chennai Super Kings,Mumbai Indians,5,4,1,80.0,20.0,Chennai Super Kings
Chennai Super Kings,Punjab Kings,5,1,4,20.0,80.0,Punjab Kings
Chennai Super Kings,Rajasthan Royals,4,1,3,25.0,75.0,Rajasthan Royals
Chennai Super Kings,Royal Challengers Bengaluru,5,1,4,20.0,80.0,Royal Challengers Bengaluru
Chennai Super Kings,Sunrisers Hyderabad,5,1,4,20.0,80.0,Sunrisers Hyderabad
Delhi Capitals,Gujarat Titans,5,2,3,40.0,60.0,Gujarat Titans
Delhi Capitals,Kolkata Knight Riders,5,1,4,20.0,80.0,Kolkata Knight Riders
Delhi Capitals,Lucknow Super Giants,5,5,0,100.0,0.0,Delhi Capitals
Delhi Capitals,Mumbai Indians,5,2,3,40.0,60.0,Mumbai Indians
Delhi Capitals,Punjab Kings,5,2,2,40.0,40.0,Balanced
Delhi Capitals,Rajasthan Royals,5,3,1,60.0,20.0,Delhi Capitals
Delhi Capitals,Royal Challengers Bengaluru,5,2,3,40.0,60.0,Royal Challengers Bengaluru
Delhi Capitals,Sunrisers Hyderabad,4,1,2,25.0,50.0,Sunrisers Hyderabad
Gujarat Titans,Kolkata Knight Riders,3,2,1,66.67,33.33,Gujarat Titans
Gujarat Titans,Lucknow Super Giants,4,1,3,25.0,75.0,Lucknow Super Giants
Gujarat Titans,Mumbai Indians,5,3,2,60.0,40.0,Gujarat Titans
Gujarat Titans,Punjab Kings,5,2,3,40.0,60.0,Punjab Kings
Gujarat Titans,Rajasthan Royals,6,4,2,66.67,33.33,Gujarat Titans
Gujarat Titans,Royal Challengers Bengaluru,7,2,5,28.57,71.43,Royal Challengers Bengaluru
Gujarat Titans,Sunrisers Hyderabad,4,4,0,100.0,0.0,Gujarat Titans
Kolkata Knight Riders,Lucknow Super Giants,5,2,2,40.0,40.0,Balanced
Kolkata Knight Riders,Mumbai Indians,5,3,2,60.0,40.0,Kolkata Knight Riders
Kolkata Knight Riders,Punjab Kings,4,0,2,0.0,50.0,Punjab Kings
Kolkata Knight Riders,Rajasthan Royals,4,3,1,75.0,25.0,Kolkata Knight Riders
Kolkata Knight Riders,Royal Challengers Bengaluru,4,2,2,50.0,50.0,Balanced
Kolkata Knight Riders,Sunrisers Hyderabad,7,5,2,71.43,28.57,Kolkata Knight Riders
Lucknow Super Giants,Mumbai Indians,5,3,2,60.0,40.0,Lucknow Super Giants
Lucknow Super Giants,Punjab Kings,5,1,4,20.0,80.0,Punjab Kings
Lucknow Super Giants,Rajasthan Royals,5,1,4,20.0,80.0,Rajasthan Royals
Lucknow Super Giants,Royal Challengers Bengaluru,4,2,2,50.0,50.0,Balanced
Lucknow Super Giants,Sunrisers Hyderabad,4,2,2,50.0,50.0,Balanced
Mumbai Indians,Punjab Kings,5,2,3,40.0,60.0,Punjab Kings
Mumbai Indians,Rajasthan Royals,5,1,4,20.0,80.0,Rajasthan Royals
Mumbai Indians,Royal Challengers Bengaluru,4,1,3,25.0,75.0,Royal Challengers Bengaluru
Mumbai Indians,Sunrisers Hyderabad,5,3,2,60.0,40.0,Mumbai Indians
Punjab Kings,Rajasthan Royals,5,2,3,40.0,60.0,Rajasthan Royals
Punjab Kings,Royal Challengers Bengaluru,7,1,6,14.29,85.71,Royal Challengers Bengaluru
Punjab Kings,Sunrisers Hyderabad,5,1,4,20.0,80.0,Sunrisers Hyderabad
Rajasthan Royals,Royal Challengers Bengaluru,5,3,2,60.0,40.0,Rajasthan Royals
Rajasthan Royals,Sunrisers Hyderabad,6,1,5,16.67,83.33,Sunrisers Hyderabad
Royal Challengers Bengaluru,Sunrisers Hyderabad,5,2,3,40.0,60.0,Sunrisers Hyderabad
