player,recent_runs_2024_2026,recent_balls_2024_2026,recent_strike_rate,recent_fours,recent_sixes,recent_wickets_2024_2026,recent_bowling_runs,recent_bowling_balls,recent_economy,recent_dot_balls
MK Lomror,125,68,183.82,9,9,0,18,6,18.0,1
Musheer Khan,0,3,0.0,0,0,1,27,12,13.5,1
S Sandeep Warrier,0,0,0.0,0,0,6,119,66,10.82,29
RG Sharma,1118,738,151.49,107,66,0,0,0,0.0,0
R Minz,12,19,63.16,1,0,0,0,0,0.0,0
H Klaasen,1590,952,167.02,109,94,0,0,0,0.0,0
WG Jacks,602,379,158.84,50,38,10,314,191,9.86,62
Abdul Samad,462,289,159.86,33,30,0,12,3,24.0,1
KS Rathore,0,5,0.0,0,0,0,0,0,0.0,0
T Dahiya,12,15,80.0,2,0,0,0,0,0.0,0
Swapnil Singh,37,21,176.19,3,3,6,133,90,8.87,27
D Madushanka,0,0,0.0,0,0,1,36,24,9.0,8
T Vijay,0,0,0.0,0,0,0,29,12,14.5,2
Yash Dayal,4,8,50.0,0,0,28,929,595,9.37,207
R Sai Kishore,18,16,112.5,0,2,27,576,369,9.37,110
Yudhvir Singh,21,14,150.0,1,2,5,183,90,12.2,31
BKG Mendis,20,10,200.0,1,2,0,0,0,0.0,0
JO Holder,65,52,125.0,3,3,17,290,230,7.57,92
Harshit Rana,57,53,107.55,5,3,34,831,517,9.64,192
RD Chahar,21,15,140.0,3,1,10,334,216,9.28,61
KK Ahmed,1,2,50.0,0,0,34,1072,681,9.44,291
R Powell,298,214,139.25,27,16,0,0,0,0.0,0
RK Bhui,3,9,33.33,0,0,0,0,0,0.0,0
R Dhawan,0,0,0.0,0,0,0,35,18,11.67,4
Shivang Kumar,53,46,115.22,6,1,9,375,234,9.62,62
AD Russell,389,222,175.23,36,30,27,512,285,10.78,88
Tilak Varma,1118,772,144.82,88,52,0,8,4,12.0,0
DV Malewar,2,5,40.0,0,0,0,0,0,0.0,0
TU Deshpande,33,23,143.48,0,3,30,1039,618,10.09,204
DA Payne,6,5,120.0,0,0,2,70,30,14.0,5
SS Prabhudessai,24,18,133.33,3,0,0,0,0,0.0,0
RA Tripathi,220,172,127.91,24,7,0,0,0,0.0,0
Mujeeb Ur Rahman,0,0,0.0,0,0,1,28,12,14.0,4
Kuldeep Yadav,74,78,94.87,8,1,41,1143,798,8.59,244
Akash Deep,8,4,200.0,0,1,4,284,135,12.62,40
DJ Hooda,176,146,120.55,18,4,0,37,24,9.25,5
Yash Raj Punja,0,0,0.0,0,0,9,279,180,9.3,47
DG Nalkande,12,11,109.09,0,1,3,45,29,9.31,6
DS Rathi,3,8,37.5,0,0,19,826,546,9.08,149
JM Bairstow,383,241,158.92,40,19,0,0,0,0.0,0
N Pooran,1257,731,171.96,91,95,0,0,0,0.0,0
M Jansen,144,121,119.01,5,8,26,1046,627,10.01,203
AM Ghazanfar,2,3,66.67,0,0,15,389,233,10.02,69
Aniket Verma,315,196,160.71,18,25,0,0,0,0.0,0
Azmatullah Omarzai,151,101,149.5,11,10,15,568,354,9.63,118
PP Chawla,15,15,100.0,1,1,13,312,210,8.91,65
Kartik Sharma,295,216,136.57,24,16,0,0,0,0.0,0
E Malinga,7,17,41.18,0,0,33,745,486,9.2,167
Arjun Tendulkar,5,5,100.0,0,0,1,58,38,9.16,13
HV Patel,44,54,81.48,3,1,40,1055,639,9.91,177
AF Milne,2,2,100.0,0,0,0,41,20,12.3,2
MJ Henry,7,10,70.0,1,0,3,240,132,10.91,33
J Overton,151,93,162.37,14,7,14,332,204,9.76,64
C Green,577,399,144.61,44,27,17,537,343,9.39,113
MM Ali,133,112,118.75,7,8,8,207,144,8.62,41
PP Hinge,3,9,33.33,0,0,14,305,156,11.73,60
R Parag,1279,818,156.36,92,81,5,235,162,8.7,39
M Shahrukh Khan,349,208,167.79,23,24,1,28,18,9.33,4
JA Duffy,0,0,0.0,0,0,9,263,144,10.96,54
L Wood,9,3,300.0,0,1,1,93,36,15.5,8
MD Shanaka,63,46,136.96,3,4,1,60,36,10.0,7
Shashank Singh,836,513,162.96,62,47,5,120,78,9.23,20
S Gopal,0,0,0.0,0,0,3,67,42,9.57,10
PWH de Silva,9,15,60.0,0,0,11,371,246,9.05,62
Sediqullah Atal,22,16,137.5,0,2,0,0,0,0.0,0
N Rana,484,317,152.68,59,20,0,73,36,12.17,7
MM Sharma,3,18,16.67,0,0,15,682,384,10.66,84
WP Saha,136,115,118.26,18,3,0,0,0,0.0,0
TL Seifert,19,18,105.56,2,1,0,0,0,0.0,0
RJ Gleeson,2,2,100.0,0,0,2,110,68,9.71,24
CV Varun,6,7,85.71,1,0,49,1145,846,8.12,312
Sikandar Raza,43,38,113.16,2,2,0,22,12,11.0,2
Mohammad Nabi,35,31,112.9,2,2,2,109,74,8.84,18
N Burger,14,9,155.56,0,1,21,585,363,9.67,146
Akshat Raghuwanshi,29,25,116.0,1,1,0,0,0,0.0,0
Gurjapneet Singh,0,0,0.0,0,0,4,233,151,9.26,46
R Ravindra,413,287,143.9,40,16,0,7,12,3.5,5
SM Curran,384,303,126.73,35,10,17,549,318,10.36,97
Fazalhaq Farooqi,2,2,100.0,0,0,0,210,102,12.35,24
V Kohli,2073,1340,154.7,201,82,0,0,0,0.0,0
V Kaverappa,0,0,0.0,0,0,2,36,24,9.0,11
SD Hope,183,122,150.0,12,12,0,0,0,0.0,0
KS Williamson,27,27,100.0,4,0,0,0,0,0.0,0
Harpreet Singh,27,34,79.41,2,0,0,0,0,0.0,0
N Wadhera,543,394,137.82,41,31,0,22,17,7.76,3
V Suryavanshi,1028,449,228.95,81,96,0,0,0,0.0,0
F du Plessis,640,434,147.47,65,29,0,0,0,0.0,0
Akash Singh,0,0,0.0,0,0,8,179,109,9.85,38
Naman Dhir,710,433,163.97,68,36,0,76,52,8.77,11
DL Chahar,62,44,140.91,6,3,24,843,540,9.37,223
A Badoni,779,534,145.88,72,28,2,52,28,11.14,4
Yash Thakur,0,0,0.0,0,0,14,536,276,11.65,83
Arshad Khan,124,80,155.0,6,10,13,479,279,10.3,108
S Dhawan,152,121,125.62,18,4,0,0,0,0.0,0
Anuj Rawat,98,77,127.27,10,3,0,0,0,0.0,0
RS Ghosh,0,0,0.0,0,0,1,24,18,8.0,6
Shubman Gill,1808,1155,156.54,173,72,0,0,0,0.0,0
Avesh Khan,37,23,160.87,5,1,38,1286,761,10.14,216
SE Rutherford,414,260,159.23,27,30,0,0,0,0.0,0
Ravi Bishnoi,17,25,68.0,0,2,30,1041,640,9.76,195
SO Hetmyer,436,306,142.48,32,21,0,0,0,0.0,0
B Sai Sudharsan,2008,1316,152.58,211,68,0,0,0,0.0,0
PP Shaw,198,121,163.64,30,5,0,0,0,0.0,0
Akash Madhwal,8,14,57.14,0,0,9,371,199,11.19,55
Kumar Kushagra,21,21,100.0,3,0,0,0,0,0.0,0
Q de Kock,534,384,139.06,47,29,0,0,0,0.0,0
Brijesh Sharma,2,4,50.0,0,0,14,450,273,9.89,84
RK Singh,673,446,150.9,61,29,0,0,0,0.0,0
Mustafizur Rahman,0,1,0.0,0,0,18,405,272,8.93,99
K Khejroliya,0,0,0.0,0,0,1,60,30,12.0,7
B Kumar,71,80,88.75,7,1,56,1517,1032,8.82,391
LH Ferguson,5,2,250.0,1,0,15,500,278,10.79,83
V Puthur,0,0,0.0,0,0,6,109,72,9.08,24
AJ Hosein,5,3,166.67,0,0,8,198,148,8.03,58
RA Bawa,24,18,133.33,1,0,2,50,24,12.5,7
AJ Turner,21,18,116.67,0,2,0,0,0,0.0,0
Karim Janat,0,0,0.0,0,0,0,30,6,30.0,0
T Stubbs,959,614,156.19,67,47,3,55,24,13.75,9
XC Bartlett,40,28,142.86,3,2,7,484,261,11.13,82
DJ Mitchell,318,223,142.6,27,10,1,70,36,11.67,4
TM Head,1351,767,176.14,160,70,1,39,16,14.62,3
M Markande,0,0,0.0,0,0,8,335,162,12.41,34
H Sharma,0,0,0.0,0,0,0,29,12,14.5,0
AR Patel,671,478,140.38,58,31,27,1010,744,8.15,223
RD Gaikwad,1042,767,135.85,101,34,0,0,0,0.0,0
KD Karthik,326,174,187.36,27,22,0,0,0,0.0,0
DA Warner,168,125,134.4,17,10,0,0,0,0.0,0
UT Yadav,12,15,80.0,0,1,8,210,126,10.0,55
Ravi Singh,4,2,200.0,1,0,0,0,0,0.0,0
V Shankar,201,163,123.31,15,5,0,0,0,0.0,0
Sanvir Singh,14,12,116.67,1,0,0,0,0,0.0,0
Arshdeep Singh,7,10,70.0,1,0,54,1564,970,9.67,350
JJ Bumrah,19,20,95.0,2,0,42,1062,889,7.17,374
Umran Malik,0,0,0.0,0,0,0,15,6,15.0,2
SN Thakur,63,59,106.78,7,1,30,954,526,10.88,141
DA Miller,574,396,144.95,48,26,0,0,0,0.0,0
PHKD Mendis,92,69,133.33,7,2,2,60,42,8.57,11
Abishek Porel,736,498,147.79,79,26,0,0,0,0.0,0
MJ Owen,0,2,0.0,0,0,0,0,0,0.0,0
Sandeep Sharma,6,5,120.0,0,0,27,909,569,9.59,155
LG Pretorius,7,8,87.5,0,0,0,0,0,0.0,0
C Connolly,491,301,163.12,43,32,0,0,0,0.0,0
HH Pandya,646,437,147.83,56,31,29,988,562,10.55,166
MJ Suthar,1,2,50.0,0,0,2,94,48,11.75,17
C Sakariya,0,0,0.0,0,0,0,39,18,13.0,3
Harsh Dubey,13,9,144.44,2,0,13,326,192,10.19,54
Sumit Kumar,18,24,75.0,2,1,0,38,20,11.4,4
GF Linde,31,21,147.62,6,0,1,55,37,8.92,10
MW Short,60,51,117.65,6,1,0,39,19,12.32,5
LB Williams,1,2,50.0,0,0,1,72,36,12.0,12
Gulbadin Naib,19,15,126.67,1,1,0,12,6,12.0,1
MS Bhandage,1,4,25.0,0,0,0,0,0,0.0,0
M Siddharth,0,0,0.0,0,0,9,283,186,9.13,59
Salil Arora,35,21,166.67,2,2,0,0,0,0.0,0
RJW Topley,3,6,50.0,0,0,4,208,108,11.56,37
FH Allen,349,163,214.11,33,28,0,0,0,0.0,0
AM Rahane,967,708,136.58,85,45,0,0,0,0.0,0
MS Wade,4,6,66.67,0,0,0,0,0,0.0,0
M Theekshana,10,27,37.04,0,0,13,554,372,8.94,114
A Mishra,0,0,0.0,0,0,1,20,12,10.0,5
KA Maharaj,1,2,50.0,0,0,2,39,36,6.5,11
Naveen-ul-Haq,2,4,50.0,0,0,14,372,219,10.19,69
SA Yadav,1332,816,163.24,133,66,0,0,0,0.0,0
V Nigam,157,89,176.4,18,8,13,469,288,9.77,85
JG Bethell,163,116,140.52,21,6,0,0,0,0.0,0
N Sindhu,63,50,126.0,7,2,0,0,0,0.0,0
PVSN Raju,1,1,100.0,0,0,1,53,24,13.25,3
PD Salt,1040,588,176.87,114,57,0,0,0,0.0,0
PVD Chameera,10,17,58.82,0,0,4,264,132,12.0,34
VG Arora,2,12,16.67,0,0,39,1096,663,9.92,238
KV Sharma,32,16,200.0,2,3,14,382,234,9.79,63
Rashid Khan,192,140,137.14,17,8,40,1397,933,8.98,276
AA Kulkarni,26,33,78.79,3,0,0,0,0,0.0,0
GD Phillips,67,54,124.07,4,2,0,0,0,0.0,0
KL Rahul,1659,1085,152.9,154,71,0,0,0,0.0,0
JC Archer,127,97,130.93,7,8,36,990,633,9.38,257
Arshad Khan (2),5,4,125.0,1,0,0,24,12,12.0,4
MK Pandey,204,145,140.69,15,9,0,0,0,0.0,0
AS Joseph,0,0,0.0,0,0,1,115,58,11.9,16
SS Iyer,1453,879,165.3,116,83,0,0,0,0.0,0
Anmolpreet Singh,5,6,83.33,1,0,0,0,0,0.0,0
AS Roy,55,43,127.91,3,2,10,348,221,9.45,71
W O'Rourke,0,0,0.0,0,0,6,132,62,12.77,15
BR Sharath,2,5,40.0,0,0,0,0,0,0.0,0
I Sharma,1,7,14.29,0,0,14,470,272,10.37,92
C Bosch,97,63,153.97,8,5,13,250,163,9.2,67
S Joseph,0,0,0.0,0,0,0,47,24,11.75,9
Rasikh Salam,31,32,96.88,4,0,29,744,440,10.15,135
Mukesh Choudhary,2,2,100.0,0,0,9,347,210,9.91,80
Noor Ahmad,23,49,46.94,1,1,45,1126,815,8.29,258
Vijaykumar Vyshak,3,7,42.86,0,0,17,653,375,10.45,102
PWA Mulder,9,11,81.82,1,0,0,16,6,16.0,1
SP Narine,774,446,173.54,77,56,46,1059,909,6.99,339
PJ Cummins,263,172,152.91,16,18,42,1323,856,9.27,301
Mukesh Kumar,3,9,33.33,0,0,35,1129,638,10.62,207
MR Marsh,1251,766,163.32,116,76,1,103,48,12.88,9
AK Markram,896,644,139.13,76,37,4,200,114,10.53,27
MS Dhoni,357,218,163.76,26,25,0,0,0,0.0,0
Abhinandan Singh,0,0,0.0,0,0,3,122,58,12.62,15
A Raghuvanshi,885,608,145.56,86,35,0,0,0,0.0,0
Harpreet Brar,91,70,130.0,9,3,19,553,408,8.13,125
Ashutosh Sharma,564,334,168.86,39,40,0,0,0,0.0,0
Navdeep Saini,0,0,0.0,0,0,0,37,18,12.33,5
Abhishek Sharma,1486,739,201.08,132,113,2,212,137,9.28,39
GJ Maxwell,100,92,108.7,11,3,10,239,174,8.24,61
JR Hazlewood,0,2,0.0,0,0,37,880,573,9.21,235
SS Mishra,1,3,33.33,0,0,2,67,38,10.58,15
Shivam Singh,2,3,66.67,0,0,0,0,0,0.0,0
Rahmanullah Gurbaz,136,99,137.37,17,7,0,0,0,0.0,0
P Simran Singh,1443,885,163.05,152,73,0,0,0,0.0,0
Ishan Kishan,1276,777,164.22,128,63,0,4,1,24.0,0
N Thushara,0,0,0.0,0,0,9,283,180,9.43,58
KK Nair,216,133,162.41,27,10,0,0,0,0.0,0
Mohammed Siraj,20,28,71.43,1,2,50,1585,1038,9.16,426
Tanush Kotian,24,31,77.42,3,0,0,0,0,0.0,0
Atharva Taide,74,48,154.17,10,2,0,4,1,24.0,0
BJ Dwarshuis,0,0,0.0,0,0,1,51,24,12.75,6
Suyash Sharma,0,0,0.0,0,0,17,869,569,9.16,169
SH Johnson,8,12,66.67,1,0,7,396,230,10.33,85
RA Jadeja,834,606,137.62,71,23,28,970,707,8.23,199
Ashwani Kumar,1,6,16.67,0,0,17,334,183,10.95,57
Dhruv Jurel,1043,687,151.82,87,53,0,0,0,0.0,0
A Kamboj,74,52,142.31,5,4,31,816,491,9.97,186
P Dubey,0,0,0.0,0,0,1,20,12,10.0,3
SN Khan,161,95,169.47,23,6,0,0,0,0.0,0
JD Unadkat,28,29,96.55,2,1,23,634,407,9.35,115
NT Ellis,0,0,0.0,0,0,2,62,48,7.75,15
A Zampa,0,0,0.0,0,0,2,94,48,11.75,10
R Ashwin,119,104,114.42,8,5,16,750,516,8.72,141
KT Maphaka,8,2,400.0,2,0,2,143,66,13.0,22
Sameer Rizvi,424,293,144.71,30,26,0,0,0,0.0,0
Prince Yadav,5,11,45.45,0,0,19,688,450,9.17,156
A Mhatre,441,240,183.75,51,23,0,0,0,0.0,0
A Nortje,4,9,44.44,0,0,8,416,198,12.61,57
Urvil Patel,197,96,205.21,11,20,0,0,0,0.0,0
Saurav Chauhan,18,15,120.0,1,1,0,0,0,0.0,0
RR Rossouw,211,116,181.9,25,11,0,0,0,0.0,0
JA Richardson,2,2,100.0,0,0,0,40,24,10.0,8
D Brevis,445,302,147.35,24,32,0,0,0,0.0,0
YS Chahal,0,0,0.0,0,0,46,1361,864,9.45,223
RM Patidar,1208,700,172.57,76,89,0,0,0,0.0,0
JP Inglis,544,314,173.25,58,28,0,0,0,0.0,0
Nithish Kumar Reddy,787,541,145.47,50,46,13,523,295,10.64,82
SK Rasheed,71,63,112.7,9,2,0,0,0,0.0,0
S Arora,121,77,157.14,9,9,0,0,0,0.0,0
K Gowtham,0,0,0.0,0,0,0,29,12,14.5,4
B Muzarabani,0,0,0.0,0,0,4,75,42,10.71,12
M Tiwari,21,12,175.0,2,1,4,101,66,9.18,19
MD Choudhary,170,120,141.67,11,12,0,0,0,0.0,0
DP Conway,156,119,131.09,17,4,0,0,0,0.0,0
Mohammed Shami,41,32,128.12,3,3,18,796,486,9.83,182
MA Agarwal,159,121,131.4,18,3,0,0,0,0.0,0
Zeeshan Ansari,0,0,0.0,0,0,6,333,203,9.84,47
P Nissanka,278,175,158.86,33,12,0,0,0,0.0,0
VR Iyer,721,447,161.3,71,36,0,28,6,28.0,0
M Prasidh Krishna,6,7,85.71,1,0,41,895,588,9.13,213
D Padikkal,749,492,152.24,74,38,0,0,0,0.0,0
G Coetzee,31,33,93.94,2,2,15,472,273,10.37,90
MJ Santner,80,69,115.94,6,3,17,502,375,8.03,130
SU Parakh,46,33,139.39,5,2,0,0,0,0.0,0
TH David,733,415,176.63,52,52,0,18,6,18.0,1
K Kartikeya,3,5,60.0,0,0,2,78,48,9.75,16
Sakib Hussain,5,7,71.43,1,0,15,397,252,9.45,86
Priyansh Arya,909,471,192.99,87,63,0,0,0,0.0,0
D Ferreira,326,191,170.68,26,23,1,41,18,13.67,2
TA Boult,24,23,104.35,2,1,40,1148,763,9.03,281
Kartik Tyagi,11,10,110.0,1,1,18,549,330,9.98,111
KH Pandya,468,346,135.26,37,20,37,1059,777,8.18,224
SB Dubey,220,143,153.85,17,13,0,0,0,0.0,0
SR Dubey,4,2,200.0,1,0,5,106,77,8.26,37
S Dube,1023,684,149.56,74,64,2,111,48,13.88,8
SZ Mulani,1,1,100.0,0,0,0,57,30,11.4,7
J Fraser-McGurk,385,193,199.48,39,30,0,0,0,0.0,0
Himmat Singh,92,69,133.33,5,5,0,0,0,0.0,0
Auqib Nabi,14,4,350.0,2,1,0,149,78,11.46,24
Mohsin Khan,2,5,40.0,0,0,21,613,396,9.29,145
Krish Bhagat,10,21,47.62,0,0,0,63,36,10.5,15
Mayank Dagar,0,1,0.0,0,0,1,120,71,10.14,21
PR Veer,90,67,134.33,10,3,0,25,12,12.5,5
KR Sen,0,0,0.0,0,0,6,122,72,10.17,22
MA Starc,15,23,65.22,1,0,42,1068,616,10.4,238
YBK Jaiswal,1421,909,156.33,166,62,0,0,0,0.0,0
RR Pant,1028,716,143.58,89,52,0,0,0,0.0,0
Suryansh Shedge,165,101,163.37,9,12,0,40,18,13.33,1
Raghu Sharma,0,0,0.0,0,0,1,130,90,8.67,23
MP Breetzke,14,12,116.67,1,1,0,0,0,0.0,0
JC Buttler,1423,930,153.01,139,62,0,0,0,0.0,0
Ramandeep Singh,254,165,153.94,14,18,1,40,20,12.0,1
Shahbaz Ahmed,282,215,131.16,12,16,13,502,283,10.64,74
J Little,0,0,0.0,0,0,4,45,24,11.25,9
Vishnu Vinod,15,8,187.5,1,1,0,0,0,0.0,0
Lalit Yadav,10,12,83.33,1,0,0,56,18,18.67,2
MP Yadav,5,5,100.0,1,0,9,367,217,10.15,92
L Ngidi,4,9,44.44,0,0,17,421,296,8.53,107
Ashok Sharma,1,4,25.0,0,0,6,228,126,10.86,48
R Smaran,19,25,76.0,3,0,0,0,0,0.0,0
LS Livingstone,238,187,127.27,12,17,5,160,126,7.62,35
V Viyaskanth,7,5,140.0,0,0,1,86,60,8.6,16
R Tewatia,477,320,149.06,50,20,0,0,0,0.0,0
T Natarajan,1,2,50.0,0,0,25,874,524,10.01,155
A Manohar,70,77,90.91,3,4,0,0,0,0.0,0
Washington Sundar,510,332,153.61,50,19,4,268,150,10.72,32
MP Stoinis,764,469,162.9,70,42,7,399,216,11.08,62
SV Samson,1293,837,154.48,128,61,0,0,0,0.0,0
K Rabada,76,60,126.67,5,5,42,1160,724,9.61,282
RD Rickelton,836,497,168.21,78,55,0,0,0,0.0,0
JM Sharma,564,385,146.49,42,35,0,0,0,0.0,0
KA Jamieson,12,18,66.67,1,1,7,237,132,10.77,45
M Pathirana,0,0,0.0,0,0,26,602,391,9.24,129
Simarjeet Singh,3,7,42.86,0,0,7,262,132,11.91,47
T Kohler-Cadmore,48,54,88.89,7,1,0,0,0,0.0,0
R Shepherd,210,111,189.19,16,17,14,608,306,11.92,75
