player,matches,teams,balls,runs_conceded,wickets,dot_balls,economy
YS Chahal,184,"Chennai Super Kings, Delhi Capitals, Delhi Daredevils, Gujarat Lions, Gujarat Titans, Kings XI Punjab, Kolkata Knight Riders, Lucknow Super Giants, Mumbai Indians, Punjab Kings, Rajasthan Royals, Rising Pune Supergiant, Rising Pune Supergiants, Royal Challengers Bangalore, Royal Challengers Bengaluru, Sunrisers Hyderabad",4037,5417,233,1319,8.05
B Kumar,206,"Chennai Super Kings, Deccan Chargers, Delhi Capitals, Delhi Daredevils, Gujarat Lions, Gujarat Titans, Kings XI Punjab, Kolkata Knight Riders, Lucknow Super Giants, Mumbai Indians, Punjab Kings, Rajasthan Royals, Rising Pune Supergiant, Rising Pune Supergiants, Royal Challengers Bangalore, Royal Challengers Bengaluru, Sunrisers Hyderabad",4600,5913,226,1897,7.71
SP Narine,200,"Chennai Super Kings, Deccan Chargers, Delhi Capitals, Delhi Daredevils, Gujarat Lions, Gujarat Titans, Kings XI Punjab, Lucknow Super Giants, Mumbai Indians, Pune Warriors, Punjab Kings, Rajasthan Royals, Rising Pune Supergiant, Rising Pune Supergiants, Royal Challengers Bangalore, Royal Challengers Bengaluru, Sunrisers Hyderabad",4660,5273,209,1786,6.79
PP Chawla,191,"Chennai Super Kings, Deccan Chargers, Delhi Capitals, Delhi Daredevils, Gujarat Lions, Gujarat Titans, Kings XI Punjab, Kochi Tuskers Kerala, Kolkata Knight Riders, Lucknow Super Giants, Mumbai Indians, Pune Warriors, Punjab Kings, Rajasthan Royals, Rising Pune Supergiant, Rising Pune Supergiants, Royal Challengers Bangalore, Sunrisers Hyderabad",3850,5108,192,1325,7.96
JJ Bumrah,158,"Chennai Super Kings, Delhi Capitals, Delhi Daredevils, Gujarat Lions, Gujarat Titans, Kings XI Punjab, Kolkata Knight Riders, Lucknow Super Giants, Punjab Kings, Rajasthan Royals, Rising Pune Supergiant, Rising Pune Supergiants, Royal Challengers Bangalore, Royal Challengers Bengaluru, Sunrisers Hyderabad",3653,4469,190,1458,7.34
R Ashwin,217,"Chennai Super Kings, Deccan Chargers, Delhi Capitals, Delhi Daredevils, Gujarat Lions, Gujarat Titans, Kings XI Punjab, Kochi Tuskers Kerala, Kolkata Knight Riders, Lucknow Super Giants, Mumbai Indians, Pune Warriors, Punjab Kings, Rajasthan Royals, Royal Challengers Bangalore, Royal Challengers Bengaluru, Sunrisers Hyderabad",4710,5652,187,1606,7.2
DJ Bravo,158,"Chennai Super Kings, Deccan Chargers, Delhi Capitals, Delhi Daredevils, Gujarat Titans, Kings XI Punjab, Kochi Tuskers Kerala, Kolkata Knight Riders, Lucknow Super Giants, Mumbai Indians, Pune Warriors, Punjab Kings, Rajasthan Royals, Rising Pune Supergiants, Royal Challengers Bangalore, Sunrisers Hyderabad",3120,4360,183,998,8.38
RA Jadeja,237,"Chennai Super Kings, Deccan Chargers, Delhi Capitals, Delhi Daredevils, Gujarat Titans, Kings XI Punjab, Kolkata Knight Riders, Lucknow Super Giants, Mumbai Indians, Pune Warriors, Punjab Kings, Rajasthan Royals, Rising Pune Supergiant, Rising Pune Supergiants, Royal Challengers Bangalore, Royal Challengers Bengaluru, Sunrisers Hyderabad",4254,5465,180,1342,7.71
Rashid Khan,153,"Chennai Super Kings, Delhi Capitals, Delhi Daredevils, Gujarat Lions, Kings XI Punjab, Kolkata Knight Riders, Lucknow Super Giants, Mumbai Indians, Punjab Kings, Rajasthan Royals, Rising Pune Supergiant, Royal Challengers Bangalore, Royal Challengers Bengaluru, Sunrisers Hyderabad",3543,4297,179,1257,7.28
A Mishra,162,"Chennai Super Kings, Deccan Chargers, Delhi Daredevils, Gujarat Lions, Gujarat Titans, Kings XI Punjab, Kochi Tuskers Kerala, Kolkata Knight Riders, Mumbai Indians, Pune Warriors, Punjab Kings, Rajasthan Royals, Rising Pune Supergiant, Rising Pune Supergiants, Royal Challengers Bangalore, Sunrisers Hyderabad",3371,4145,174,1185,7.38
SL Malinga,122,"Chennai Super Kings, Deccan Chargers, Delhi Capitals, Delhi Daredevils, Gujarat Lions, Kings XI Punjab, Kochi Tuskers Kerala, Kolkata Knight Riders, Pune Warriors, Rajasthan Royals, Rising Pune Supergiant, Royal Challengers Bangalore, Sunrisers Hyderabad",2827,3366,170,1144,7.14
Sandeep Sharma,142,"Chennai Super Kings, Delhi Capitals, Delhi Daredevils, Gujarat Lions, Gujarat Titans, Kings XI Punjab, Kolkata Knight Riders, Lucknow Super Giants, Mumbai Indians, Punjab Kings, Rajasthan Royals, Rising Pune Supergiant, Rising Pune Supergiants, Royal Challengers Bangalore, Royal Challengers Bengaluru, Sunrisers Hyderabad",3163,4307,151,1205,8.17
K Rabada,101,"Chennai Super Kings, Delhi Capitals, Gujarat Lions, Gujarat Titans, Kings XI Punjab, Kolkata Knight Riders, Lucknow Super Giants, Mumbai Indians, Punjab Kings, Rajasthan Royals, Royal Challengers Bangalore, Royal Challengers Bengaluru, Sunrisers Hyderabad",2299,3367,151,906,8.79
HV Patel,121,"Chennai Super Kings, Deccan Chargers, Delhi Capitals, Delhi Daredevils, Gujarat Titans, Kings XI Punjab, Kolkata Knight Riders, Lucknow Super Giants, Mumbai Indians, Pune Warriors, Punjab Kings, Rajasthan Royals, Rising Pune Supergiants, Royal Challengers Bangalore, Royal Challengers Bengaluru, Sunrisers Hyderabad",2506,3727,151,807,8.92
Harbhajan Singh,160,"Chennai Super Kings, Deccan Chargers, Delhi Capitals, Delhi Daredevils, Gujarat Lions, Kings XI Punjab, Kochi Tuskers Kerala, Kolkata Knight Riders, Mumbai Indians, Pune Warriors, Rajasthan Royals, Rising Pune Supergiant, Rising Pune Supergiants, Royal Challengers Bangalore, Sunrisers Hyderabad",3416,4030,150,1263,7.08
TA Boult,124,"Chennai Super Kings, Delhi Capitals, Gujarat Lions, Gujarat Titans, Kings XI Punjab, Kolkata Knight Riders, Lucknow Super Giants, Mumbai Indians, Punjab Kings, Rajasthan Royals, Royal Challengers Bangalore, Royal Challengers Bengaluru, Sunrisers Hyderabad",2784,3950,145,1135,8.51
Mohammed Shami,132,"Chennai Super Kings, Delhi Capitals, Gujarat Lions, Gujarat Titans, Kings XI Punjab, Kolkata Knight Riders, Lucknow Super Giants, Mumbai Indians, Punjab Kings, Rajasthan Royals, Rising Pune Supergiant, Rising Pune Supergiants, Royal Challengers Bangalore, Royal Challengers Bengaluru, Sunrisers Hyderabad",2920,4216,145,1166,8.66
UT Yadav,147,"Chennai Super Kings, Deccan Chargers, Delhi Capitals, Delhi Daredevils, Gujarat Lions, Gujarat Titans, Kings XI Punjab, Kochi Tuskers Kerala, Kolkata Knight Riders, Lucknow Super Giants, Mumbai Indians, Pune Warriors, Punjab Kings, Rajasthan Royals, Rising Pune Supergiant, Rising Pune Supergiants, Royal Challengers Bangalore, Sunrisers Hyderabad",3056,4332,144,1186,8.51
AR Patel,173,"Chennai Super Kings, Delhi Daredevils, Gujarat Lions, Gujarat Titans, Kings XI Punjab, Kolkata Knight Riders, Lucknow Super Giants, Mumbai Indians, Punjab Kings, Rajasthan Royals, Rising Pune Supergiant, Rising Pune Supergiants, Royal Challengers Bangalore, Royal Challengers Bengaluru, Sunrisers Hyderabad",3585,4437,139,1167,7.43
MM Sharma,119,"Chennai Super Kings, Delhi Capitals, Delhi Daredevils, Gujarat Lions, Gujarat Titans, Kings XI Punjab, Kolkata Knight Riders, Lucknow Super Giants, Mumbai Indians, Pune Warriors, Punjab Kings, Rajasthan Royals, Rising Pune Supergiant, Rising Pune Supergiants, Royal Challengers Bangalore, Royal Challengers Bengaluru, Sunrisers Hyderabad",2403,3513,134,813,8.77
Mohammed Siraj,125,"Chennai Super Kings, Delhi Capitals, Delhi Daredevils, Gujarat Lions, Gujarat Titans, Kings XI Punjab, Kolkata Knight Riders, Lucknow Super Giants, Mumbai Indians, Punjab Kings, Rajasthan Royals, Rising Pune Supergiant, Royal Challengers Bengaluru, Sunrisers Hyderabad",2672,3911,128,1111,8.78
AD Russell,121,"Chennai Super Kings, Deccan Chargers, Delhi Capitals, Delhi Daredevils, Gujarat Lions, Gujarat Titans, Kings XI Punjab, Kolkata Knight Riders, Lucknow Super Giants, Mumbai Indians, Punjab Kings, Rajasthan Royals, Rising Pune Supergiants, Royal Challengers Bangalore, Royal Challengers Bengaluru, Sunrisers Hyderabad",1806,2863,123,612,9.51
SN Thakur,109,"Chennai Super Kings, Delhi Capitals, Delhi Daredevils, Gujarat Lions, Gujarat Titans, Kings XI Punjab, Kolkata Knight Riders, Lucknow Super Giants, Mumbai Indians, Punjab Kings, Rajasthan Royals, Royal Challengers Bangalore, Royal Challengers Bengaluru, Sunrisers Hyderabad",2202,3514,119,735,9.57
JD Unadkat,115,"Chennai Super Kings, Deccan Chargers, Delhi Capitals, Delhi Daredevils, Gujarat Lions, Gujarat Titans, Kings XI Punjab, Kochi Tuskers Kerala, Kolkata Knight Riders, Lucknow Super Giants, Mumbai Indians, Pune Warriors, Punjab Kings, Rajasthan Royals, Royal Challengers Bangalore, Royal Challengers Bengaluru, Sunrisers Hyderabad",2351,3504,114,757,8.94
Kuldeep Yadav,107,"Chennai Super Kings, Delhi Capitals, Delhi Daredevils, Gujarat Lions, Gujarat Titans, Kings XI Punjab, Kolkata Knight Riders, Lucknow Super Giants, Mumbai Indians, Punjab Kings, Rajasthan Royals, Rising Pune Supergiant, Royal Challengers Bangalore, Royal Challengers Bengaluru, Sunrisers Hyderabad",2286,3159,112,684,8.29
CV Varun,94,"Chennai Super Kings, Delhi Capitals, Gujarat Titans, Kings XI Punjab, Kolkata Knight Riders, Lucknow Super Giants, Mumbai Indians, Punjab Kings, Rajasthan Royals, Royal Challengers Bangalore, Royal Challengers Bengaluru, Sunrisers Hyderabad",2134,2745,111,773,7.72
Arshdeep Singh,95,"Chennai Super Kings, Delhi Capitals, Gujarat Titans, Kolkata Knight Riders, Lucknow Super Giants, Mumbai Indians, Rajasthan Royals, Royal Challengers Bangalore, Royal Challengers Bengaluru, Sunrisers Hyderabad",2032,3111,111,714,9.19
KH Pandya,147,"Chennai Super Kings, Delhi Capitals, Delhi Daredevils, Gujarat Lions, Gujarat Titans, Kings XI Punjab, Kolkata Knight Riders, Lucknow Super Giants, Mumbai Indians, Punjab Kings, Rajasthan Royals, Rising Pune Supergiant, Rising Pune Supergiants, Royal Challengers Bangalore, Royal Challengers Bengaluru, Sunrisers Hyderabad",2701,3410,107,845,7.57
A Nehra,88,"Chennai Super Kings, Deccan Chargers, Delhi Daredevils, Gujarat Lions, Kings XI Punjab, Kolkata Knight Riders, Mumbai Indians, Pune Warriors, Rajasthan Royals, Rising Pune Supergiant, Rising Pune Supergiants, Royal Challengers Bangalore, Sunrisers Hyderabad",1908,2495,106,798,7.85
R Vinay Kumar,104,"Chennai Super Kings, Deccan Chargers, Delhi Daredevils, Gujarat Lions, Kings XI Punjab, Kolkata Knight Riders, Mumbai Indians, Pune Warriors, Rajasthan Royals, Rising Pune Supergiants, Royal Challengers Bangalore, Sunrisers Hyderabad",2127,2986,105,763,8.42
Z Khan,99,"Chennai Super Kings, Deccan Chargers, Delhi Daredevils, Gujarat Lions, Kings XI Punjab, Kochi Tuskers Kerala, Kolkata Knight Riders, Mumbai Indians, Pune Warriors, Rajasthan Royals, Rising Pune Supergiant, Rising Pune Supergiants, Royal Challengers Bangalore, Sunrisers Hyderabad",2200,2782,102,873,7.59
DW Steyn,95,"Chennai Super Kings, Deccan Chargers, Delhi Daredevils, Kings XI Punjab, Kochi Tuskers Kerala, Kolkata Knight Riders, Mumbai Indians, Pune Warriors, Rajasthan Royals, Royal Challengers Bangalore, Sunrisers Hyderabad",2182,2523,97,1019,6.94
CH Morris,81,"Chennai Super Kings, Delhi Capitals, Delhi Daredevils, Gujarat Lions, Kings XI Punjab, Kolkata Knight Riders, Mumbai Indians, Pune Warriors, Punjab Kings, Rajasthan Royals, Rising Pune Supergiant, Rising Pune Supergiants, Royal Challengers Bangalore, Sunrisers Hyderabad",1726,2309,96,668,8.03
DL Chahar,103,"Chennai Super Kings, Delhi Capitals, Delhi Daredevils, Gujarat Titans, Kings XI Punjab, Kolkata Knight Riders, Lucknow Super Giants, Mumbai Indians, Punjab Kings, Rajasthan Royals, Royal Challengers Bangalore, Royal Challengers Bengaluru, Sunrisers Hyderabad",2068,2862,96,871,8.3
I Sharma,117,"Chennai Super Kings, Deccan Chargers, Delhi Capitals, Delhi Daredevils, Gujarat Lions, Gujarat Titans, Kings XI Punjab, Kochi Tuskers Kerala, Kolkata Knight Riders, Lucknow Super Giants, Mumbai Indians, Pune Warriors, Punjab Kings, Rajasthan Royals, Rising Pune Supergiant, Royal Challengers Bangalore, Royal Challengers Bengaluru, Sunrisers Hyderabad",2419,3377,96,999,8.38
Avesh Khan,82,"Chennai Super Kings, Delhi Capitals, Delhi Daredevils, Gujarat Titans, Kings XI Punjab, Kolkata Knight Riders, Lucknow Super Giants, Mumbai Indians, Punjab Kings, Rajasthan Royals, Royal Challengers Bangalore, Royal Challengers Bengaluru, Sunrisers Hyderabad",1767,2734,93,610,9.28
SR Watson,105,"Chennai Super Kings, Deccan Chargers, Delhi Daredevils, Gujarat Lions, Kings XI Punjab, Kochi Tuskers Kerala, Kolkata Knight Riders, Mumbai Indians, Pune Warriors, Rajasthan Royals, Rising Pune Supergiant, Rising Pune Supergiants, Royal Challengers Bangalore, Sunrisers Hyderabad",2029,2682,92,803,7.93
KK Ahmed,76,"Chennai Super Kings, Delhi Capitals, Gujarat Titans, Kings XI Punjab, Kolkata Knight Riders, Lucknow Super Giants, Mumbai Indians, Punjab Kings, Rajasthan Royals, Royal Challengers Bangalore, Royal Challengers Bengaluru, Sunrisers Hyderabad",1657,2474,91,683,8.96
M Prasidh Krishna,78,"Chennai Super Kings, Delhi Capitals, Gujarat Titans, Kings XI Punjab, Kolkata Knight Riders, Lucknow Super Giants, Mumbai Indians, Punjab Kings, Rajasthan Royals, Royal Challengers Bangalore, Royal Challengers Bengaluru, Sunrisers Hyderabad",1739,2608,91,688,9.0
P Kumar,119,"Chennai Super Kings, Deccan Chargers, Delhi Daredevils, Kings XI Punjab, Kolkata Knight Riders, Mumbai Indians, Pune Warriors, Rajasthan Royals, Rising Pune Supergiant, Rising Pune Supergiants, Royal Challengers Bangalore, Sunrisers Hyderabad",2524,3251,90,1075,7.73
RP Singh,82,"Chennai Super Kings, Deccan Chargers, Delhi Daredevils, Gujarat Lions, Kings XI Punjab, Kolkata Knight Riders, Mumbai Indians, Pune Warriors, Rajasthan Royals, Royal Challengers Bangalore, Sunrisers Hyderabad",1775,2338,90,744,7.9
PP Ojha,90,"Chennai Super Kings, Deccan Chargers, Delhi Daredevils, Kings XI Punjab, Kolkata Knight Riders, Mumbai Indians, Pune Warriors, Rajasthan Royals, Royal Challengers Bangalore, Sunrisers Hyderabad",1899,2332,89,667,7.37
PJ Cummins,80,"Chennai Super Kings, Delhi Capitals, Gujarat Lions, Gujarat Titans, Kings XI Punjab, Kolkata Knight Riders, Lucknow Super Giants, Mumbai Indians, Punjab Kings, Rajasthan Royals, Rising Pune Supergiant, Royal Challengers Bangalore, Royal Challengers Bengaluru, Sunrisers Hyderabad",1809,2680,87,645,8.89
DS Kulkarni,92,"Chennai Super Kings, Deccan Chargers, Delhi Capitals, Delhi Daredevils, Kings XI Punjab, Kolkata Knight Riders, Mumbai Indians, Pune Warriors, Rajasthan Royals, Rising Pune Supergiants, Royal Challengers Bangalore, Sunrisers Hyderabad",1787,2474,86,742,8.31
JA Morkel,87,"Chennai Super Kings, Deccan Chargers, Delhi Daredevils, Gujarat Lions, Kings XI Punjab, Kochi Tuskers Kerala, Kolkata Knight Riders, Mumbai Indians, Pune Warriors, Rajasthan Royals, Royal Challengers Bangalore, Sunrisers Hyderabad",1723,2359,85,646,8.21
JC Archer,68,"Chennai Super Kings, Delhi Capitals, Delhi Daredevils, Gujarat Titans, Kings XI Punjab, Kolkata Knight Riders, Lucknow Super Giants, Mumbai Indians, Punjab Kings, Rajasthan Royals, Royal Challengers Bangalore, Royal Challengers Bengaluru, Sunrisers Hyderabad",1578,2161,84,677,8.22
Ravi Bishnoi,85,"Chennai Super Kings, Delhi Capitals, Gujarat Titans, Kolkata Knight Riders, Lucknow Super Giants, Mumbai Indians, Punjab Kings, Rajasthan Royals, Royal Challengers Bangalore, Royal Challengers Bengaluru, Sunrisers Hyderabad",1789,2494,83,599,8.36
KV Sharma,87,"Chennai Super Kings, Delhi Capitals, Delhi Daredevils, Gujarat Titans, Kings XI Punjab, Kolkata Knight Riders, Lucknow Super Giants, Mumbai Indians, Pune Warriors, Punjab Kings, Rajasthan Royals, Rising Pune Supergiant, Royal Challengers Bangalore, Sunrisers Hyderabad",1585,2215,83,507,8.38
Imran Tahir,59,"Chennai Super Kings, Delhi Capitals, Delhi Daredevils, Gujarat Lions, Kings XI Punjab, Kolkata Knight Riders, Mumbai Indians, Rajasthan Royals, Rising Pune Supergiants, Royal Challengers Bangalore, Sunrisers Hyderabad",1316,1703,82,437,7.76
HH Pandya,116,"Chennai Super Kings, Delhi Capitals, Delhi Daredevils, Gujarat Lions, Gujarat Titans, Kings XI Punjab, Kolkata Knight Riders, Lucknow Super Giants, Mumbai Indians, Punjab Kings, Rajasthan Royals, Rising Pune Supergiant, Rising Pune Supergiants, Royal Challengers Bangalore, Royal Challengers Bengaluru, Sunrisers Hyderabad",1764,2751,82,584,9.36
IK Pathan,101,"Chennai Super Kings, Deccan Chargers, Delhi Daredevils, Kings XI Punjab, Kochi Tuskers Kerala, Kolkata Knight Riders, Mumbai Indians, Pune Warriors, Rajasthan Royals, Royal Challengers Bangalore, Sunrisers Hyderabad",2043,2649,80,835,7.78
M Morkel,70,"Chennai Super Kings, Deccan Chargers, Delhi Daredevils, Gujarat Lions, Kings XI Punjab, Kochi Tuskers Kerala, Kolkata Knight Riders, Mumbai Indians, Pune Warriors, Rajasthan Royals, Rising Pune Supergiants, Royal Challengers Bangalore, Sunrisers Hyderabad",1629,2089,77,708,7.69
L Balaji,73,"Chennai Super Kings, Deccan Chargers, Delhi Daredevils, Kings XI Punjab, Kochi Tuskers Kerala, Kolkata Knight Riders, Mumbai Indians, Pune Warriors, Rajasthan Royals, Royal Challengers Bangalore, Sunrisers Hyderabad",1512,2028,76,537,8.05
MA Starc,56,"Chennai Super Kings, Delhi Capitals, Delhi Daredevils, Gujarat Titans, Kings XI Punjab, Kolkata Knight Riders, Lucknow Super Giants, Mumbai Indians, Punjab Kings, Rajasthan Royals, Royal Challengers Bengaluru, Sunrisers Hyderabad",1196,1761,76,470,8.83
RD Chahar,79,"Chennai Super Kings, Delhi Capitals, Gujarat Lions, Gujarat Titans, Kings XI Punjab, Kolkata Knight Riders, Lucknow Super Giants, Mumbai Indians, Punjab Kings, Rajasthan Royals, Royal Challengers Bangalore, Royal Challengers Bengaluru, Sunrisers Hyderabad",1694,2196,75,580,7.78
MM Patel,63,"Chennai Super Kings, Deccan Chargers, Delhi Daredevils, Kings XI Punjab, Kochi Tuskers Kerala, Kolkata Knight Riders, Mumbai Indians, Pune Warriors, Rajasthan Royals, Royal Challengers Bangalore, Sunrisers Hyderabad",1355,1698,74,590,7.52
T Natarajan,73,"Chennai Super Kings, Delhi Capitals, Delhi Daredevils, Gujarat Lions, Gujarat Titans, Kings XI Punjab, Kolkata Knight Riders, Lucknow Super Giants, Mumbai Indians, Punjab Kings, Rajasthan Royals, Rising Pune Supergiant, Royal Challengers Bangalore, Royal Challengers Bengaluru, Sunrisers Hyderabad",1553,2378,73,465,9.19
JR Hazlewood,52,"Chennai Super Kings, Delhi Capitals, Gujarat Titans, Kolkata Knight Riders, Lucknow Super Giants, Mumbai Indians, Punjab Kings, Rajasthan Royals, Royal Challengers Bangalore, Sunrisers Hyderabad",1176,1690,72,494,8.62
R Bhatia,91,"Chennai Super Kings, Deccan Chargers, Delhi Daredevils, Gujarat Lions, Kings XI Punjab, Kochi Tuskers Kerala, Kolkata Knight Riders, Mumbai Indians, Pune Warriors, Rajasthan Royals, Royal Challengers Bangalore, Sunrisers Hyderabad",1636,2020,71,436,7.41
MJ McClenaghan,56,"Chennai Super Kings, Delhi Capitals, Delhi Daredevils, Gujarat Lions, Kings XI Punjab, Kolkata Knight Riders, Rajasthan Royals, Rising Pune Supergiant, Rising Pune Supergiants, Royal Challengers Bangalore, Sunrisers Hyderabad",1274,1803,71,507,8.49
JO Holder,57,"Chennai Super Kings, Delhi Capitals, Delhi Daredevils, Gujarat Lions, Gujarat Titans, Kings XI Punjab, Kolkata Knight Riders, Lucknow Super Giants, Mumbai Indians, Punjab Kings, Rajasthan Royals, Royal Challengers Bangalore, Royal Challengers Bengaluru, Sunrisers Hyderabad",1225,1751,70,413,8.58
AB Dinda,75,"Chennai Super Kings, Deccan Chargers, Delhi Daredevils, Gujarat Lions, Kings XI Punjab, Kolkata Knight Riders, Mumbai Indians, Pune Warriors, Rajasthan Royals, Royal Challengers Bangalore, Sunrisers Hyderabad",1516,2073,69,627,8.2
KA Pollard,107,"Chennai Super Kings, Deccan Chargers, Delhi Capitals, Delhi Daredevils, Gujarat Titans, Kings XI Punjab, Kochi Tuskers Kerala, Kolkata Knight Riders, Lucknow Super Giants, Pune Warriors, Punjab Kings, Rajasthan Royals, Rising Pune Supergiant, Royal Challengers Bangalore, Sunrisers Hyderabad",1488,2180,69,405,8.79
SK Trivedi,75,"Chennai Super Kings, Deccan Chargers, Delhi Daredevils, Kings XI Punjab, Kochi Tuskers Kerala, Kolkata Knight Riders, Mumbai Indians, Pune Warriors, Royal Challengers Bangalore, Sunrisers Hyderabad",1506,1904,65,492,7.59
JH Kallis,89,"Chennai Super Kings, Deccan Chargers, Delhi Daredevils, Kings XI Punjab, Kochi Tuskers Kerala, Kolkata Knight Riders, Mumbai Indians, Pune Warriors, Rajasthan Royals, Royal Challengers Bangalore, Sunrisers Hyderabad",1742,2293,65,601,7.9
Mustafizur Rahman,60,"Chennai Super Kings, Delhi Capitals, Delhi Daredevils, Gujarat Lions, Gujarat Titans, Kings XI Punjab, Kolkata Knight Riders, Lucknow Super Giants, Mumbai Indians, Punjab Kings, Rajasthan Royals, Rising Pune Supergiants, Royal Challengers Bangalore, Royal Challengers Bengaluru, Sunrisers Hyderabad",1364,1849,65,487,8.13
M Muralitharan,66,"Chennai Super Kings, Deccan Chargers, Delhi Daredevils, Kings XI Punjab, Kolkata Knight Riders, Mumbai Indians, Pune Warriors, Rajasthan Royals, Royal Challengers Bangalore, Sunrisers Hyderabad",1528,1706,64,600,6.7
Shakib Al Hasan,70,"Chennai Super Kings, Delhi Capitals, Delhi Daredevils, Gujarat Lions, Kings XI Punjab, Kochi Tuskers Kerala, Kolkata Knight Riders, Mumbai Indians, Pune Warriors, Rajasthan Royals, Rising Pune Supergiants, Royal Challengers Bangalore, Sunrisers Hyderabad",1484,1839,63,504,7.44
MG Johnson,54,"Chennai Super Kings, Delhi Daredevils, Gujarat Lions, Kings XI Punjab, Kolkata Knight Riders, Mumbai Indians, Pune Warriors, Rajasthan Royals, Rising Pune Supergiant, Royal Challengers Bangalore, Sunrisers Hyderabad",1235,1708,62,535,8.3
Noor Ahmad,51,"Chennai Super Kings, Delhi Capitals, Gujarat Titans, Kolkata Knight Riders, Lucknow Super Giants, Mumbai Indians, Punjab Kings, Rajasthan Royals, Royal Challengers Bangalore, Royal Challengers Bengaluru, Sunrisers Hyderabad",1098,1495,61,358,8.17
JP Faulkner,60,"Chennai Super Kings, Delhi Daredevils, Kings XI Punjab, Kolkata Knight Riders, Mumbai Indians, Pune Warriors, Rajasthan Royals, Rising Pune Supergiant, Rising Pune Supergiants, Royal Challengers Bangalore, Sunrisers Hyderabad",1238,1799,61,399,8.72
A Nortje,49,"Chennai Super Kings, Delhi Capitals, Gujarat Titans, Kings XI Punjab, Kolkata Knight Riders, Lucknow Super Giants, Mumbai Indians, Punjab Kings, Rajasthan Royals, Royal Challengers Bangalore, Sunrisers Hyderabad",1120,1696,61,422,9.09
SM Curran,63,"Chennai Super Kings, Delhi Capitals, Gujarat Titans, Kings XI Punjab, Kolkata Knight Riders, Lucknow Super Giants, Mumbai Indians, Punjab Kings, Rajasthan Royals, Royal Challengers Bangalore, Royal Challengers Bengaluru, Sunrisers Hyderabad",1253,2033,59,394,9.74
S Kaul,55,"Chennai Super Kings, Delhi Capitals, Delhi Daredevils, Gujarat Lions, Gujarat Titans, Kings XI Punjab, Kolkata Knight Riders, Mumbai Indians, Pune Warriors, Punjab Kings, Rajasthan Royals, Rising Pune Supergiant, Royal Challengers Bangalore, Sunrisers Hyderabad",1209,1739,58,387,8.63
SK Warne,54,"Chennai Super Kings, Deccan Chargers, Delhi Daredevils, Kings XI Punjab, Kochi Tuskers Kerala, Kolkata Knight Riders, Mumbai Indians, Pune Warriors, Royal Challengers Bangalore",1194,1447,57,426,7.27
TU Deshpande,53,"Chennai Super Kings, Delhi Capitals, Gujarat Titans, Kings XI Punjab, Kolkata Knight Riders, Lucknow Super Giants, Mumbai Indians, Punjab Kings, Rajasthan Royals, Royal Challengers Bangalore, Royal Challengers Bengaluru, Sunrisers Hyderabad",1103,1858,55,377,10.11
LH Ferguson,52,"Chennai Super Kings, Delhi Capitals, Gujarat Lions, Gujarat Titans, Kings XI Punjab, Kolkata Knight Riders, Lucknow Super Giants, Mumbai Indians, Punjab Kings, Rajasthan Royals, Royal Challengers Bangalore, Royal Challengers Bengaluru, Sunrisers Hyderabad",1092,1673,54,396,9.19
S Gopal,51,"Chennai Super Kings, Delhi Capitals, Delhi Daredevils, Kings XI Punjab, Kolkata Knight Riders, Mumbai Indians, Punjab Kings, Rajasthan Royals, Rising Pune Supergiants, Royal Challengers Bangalore, Royal Challengers Bengaluru, Sunrisers Hyderabad",991,1349,52,317,8.17
S Nadeem,70,"Chennai Super Kings, Deccan Chargers, Delhi Capitals, Gujarat Lions, Kings XI Punjab, Kolkata Knight Riders, Mumbai Indians, Pune Warriors, Rajasthan Royals, Rising Pune Supergiant, Royal Challengers Bangalore, Sunrisers Hyderabad",1415,1784,48,453,7.56
NM Coulter-Nile,38,"Chennai Super Kings, Delhi Capitals, Delhi Daredevils, Gujarat Lions, Kings XI Punjab, Kolkata Knight Riders, Mumbai Indians, Punjab Kings, Rajasthan Royals, Rising Pune Supergiant, Rising Pune Supergiants, Royal Challengers Bangalore, Sunrisers Hyderabad",857,1100,48,368,7.7
SB Jakati,57,"Chennai Super Kings, Deccan Chargers, Delhi Daredevils, Kings XI Punjab, Kochi Tuskers Kerala, Kolkata Knight Riders, Mumbai Indians, Pune Warriors, Rajasthan Royals, Rising Pune Supergiant, Rising Pune Supergiants, Royal Challengers Bangalore",1085,1451,47,337,8.02
M Pathirana,33,"Delhi Capitals, Gujarat Titans, Kolkata Knight Riders, Lucknow Super Giants, Mumbai Indians, Punjab Kings, Rajasthan Royals, Royal Challengers Bangalore, Royal Challengers Bengaluru, Sunrisers Hyderabad",710,1025,47,240,8.66
TG Southee,54,"Chennai Super Kings, Delhi Capitals, Delhi Daredevils, Gujarat Lions, Gujarat Titans, Kings XI Punjab, Kochi Tuskers Kerala, Kolkata Knight Riders, Lucknow Super Giants, Mumbai Indians, Pune Warriors, Punjab Kings, Rajasthan Royals, Rising Pune Supergiant, Rising Pune Supergiants, Royal Challengers Bangalore, Sunrisers Hyderabad",1206,1742,47,447,8.67
VG Arora,42,"Chennai Super Kings, Delhi Capitals, Gujarat Titans, Lucknow Super Giants, Mumbai Indians, Punjab Kings, Rajasthan Royals, Royal Challengers Bangalore, Royal Challengers Bengaluru, Sunrisers Hyderabad",866,1406,47,306,9.74
PWH de Silva,37,"Chennai Super Kings, Delhi Capitals, Gujarat Titans, Kolkata Knight Riders, Lucknow Super Giants, Mumbai Indians, Punjab Kings, Rajasthan Royals, Royal Challengers Bengaluru, Sunrisers Hyderabad",798,1119,46,264,8.41
MP Stoinis,75,"Chennai Super Kings, Delhi Capitals, Delhi Daredevils, Gujarat Lions, Gujarat Titans, Kings XI Punjab, Kolkata Knight Riders, Lucknow Super Giants, Mumbai Indians, Punjab Kings, Rajasthan Royals, Rising Pune Supergiant, Royal Challengers Bangalore, Royal Challengers Bengaluru, Sunrisers Hyderabad",935,1547,46,249,9.93
A Kumble,42,"Chennai Super Kings, Deccan Chargers, Delhi Daredevils, Kings XI Punjab, Kolkata Knight Riders, Mumbai Indians, Rajasthan Royals",965,1058,45,374,6.58
RJ Harris,37,"Chennai Super Kings, Deccan Chargers, Delhi Daredevils, Kings XI Punjab, Kochi Tuskers Kerala, Kolkata Knight Riders, Mumbai Indians, Pune Warriors, Rajasthan Royals, Royal Challengers Bangalore",832,1047,45,364,7.55
S Aravind,38,"Chennai Super Kings, Deccan Chargers, Delhi Daredevils, Gujarat Lions, Kings XI Punjab, Kochi Tuskers Kerala, Kolkata Knight Riders, Mumbai Indians, Pune Warriors, Rajasthan Royals, Rising Pune Supergiant, Sunrisers Hyderabad",760,1039,45,290,8.2
M Jansen,47,"Chennai Super Kings, Delhi Capitals, Gujarat Titans, Kolkata Knight Riders, Lucknow Super Giants, Mumbai Indians, Punjab Kings, Rajasthan Royals, Royal Challengers Bangalore, Royal Challengers Bengaluru, Sunrisers Hyderabad",1017,1632,45,361,9.63
VR Aaron,50,"Chennai Super Kings, Deccan Chargers, Delhi Capitals, Delhi Daredevils, Gujarat Lions, Kings XI Punjab, Kolkata Knight Riders, Lucknow Super Giants, Mumbai Indians, Rajasthan Royals, Rising Pune Supergiants, Royal Challengers Bangalore, Sunrisers Hyderabad",994,1481,44,387,8.94
YK Pathan,82,"Chennai Super Kings, Deccan Chargers, Delhi Daredevils, Gujarat Lions, Kings XI Punjab, Kochi Tuskers Kerala, Kolkata Knight Riders, Mumbai Indians, Pune Warriors, Rajasthan Royals, Royal Challengers Bangalore, Sunrisers Hyderabad",1147,1415,42,393,7.4
MC Henriques,60,"Chennai Super Kings, Deccan Chargers, Delhi Daredevils, Gujarat Lions, Kings XI Punjab, Kolkata Knight Riders, Mumbai Indians, Pune Warriors, Rajasthan Royals, Rising Pune Supergiant, Rising Pune Supergiants, Royal Challengers Bangalore, Sunrisers Hyderabad",950,1289,42,306,8.14
L Ngidi,27,"Chennai Super Kings, Delhi Daredevils, Gujarat Titans, Kings XI Punjab, Kolkata Knight Riders, Lucknow Super Giants, Mumbai Indians, Punjab Kings, Rajasthan Royals, Royal Challengers Bangalore, Royal Challengers Bengaluru, Sunrisers Hyderabad",620,869,42,238,8.41
AJ Tye,30,"Chennai Super Kings, Delhi Capitals, Delhi Daredevils, Kings XI Punjab, Kolkata Knight Riders, Mumbai Indians, Rajasthan Royals, Rising Pune Supergiant, Royal Challengers Bangalore, Sunrisers Hyderabad",684,979,42,208,8.59
Mukesh Kumar,42,"Chennai Super Kings, Gujarat Titans, Kolkata Knight Riders, Lucknow Super Giants, Mumbai Indians, Punjab Kings, Rajasthan Royals, Royal Challengers Bangalore, Royal Challengers Bengaluru, Sunrisers Hyderabad",824,1455,42,270,10.59
MM Ali,57,"Chennai Super Kings, Delhi Capitals, Delhi Daredevils, Gujarat Titans, Kings XI Punjab, Kolkata Knight Riders, Lucknow Super Giants, Mumbai Indians, Punjab Kings, Rajasthan Royals, Royal Challengers Bangalore, Sunrisers Hyderabad",854,1029,41,295,7.23
GJ Maxwell,85,"Chennai Super Kings, Delhi Capitals, Delhi Daredevils, Gujarat Lions, Gujarat Titans, Kings XI Punjab, Kolkata Knight Riders, Lucknow Super Giants, Mumbai Indians, Pune Warriors, Punjab Kings, Rajasthan Royals, Rising Pune Supergiant, Rising Pune Supergiants, Royal Challengers Bangalore, Sunrisers Hyderabad",1022,1413,41,328,8.3
Yash Dayal,43,"Chennai Super Kings, Delhi Capitals, Gujarat Titans, Kolkata Knight Riders, Lucknow Super Giants, Mumbai Indians, Punjab Kings, Rajasthan Royals, Royal Challengers Bangalore, Sunrisers Hyderabad",871,1390,41,307,9.58
R Sharma,44,"Chennai Super Kings, Deccan Chargers, Delhi Daredevils, Kings XI Punjab, Kochi Tuskers Kerala, Kolkata Knight Riders, Mumbai Indians, Rajasthan Royals, Royal Challengers Bangalore, Sunrisers Hyderabad",928,1086,40,334,7.02
Iqbal Abdulla,48,"Chennai Super Kings, Deccan Chargers, Delhi Daredevils, Gujarat Lions, Kings XI Punjab, Kochi Tuskers Kerala, Kolkata Knight Riders, Mumbai Indians, Pune Warriors, Rajasthan Royals, Rising Pune Supergiants, Royal Challengers Bangalore, Sunrisers Hyderabad",920,1109,40,331,7.23
Washington Sundar,68,"Chennai Super Kings, Delhi Capitals, Delhi Daredevils, Gujarat Lions, Gujarat Titans, Kings XI Punjab, Kolkata Knight Riders, Lucknow Super Giants, Mumbai Indians, Punjab Kings, Rajasthan Royals, Royal Challengers Bangalore, Sunrisers Hyderabad",1174,1520,40,385,7.77
S Sreesanth,44,"Chennai Super Kings, Deccan Chargers, Delhi Daredevils, Kings XI Punjab, Kolkata Knight Riders, Mumbai Indians, Pune Warriors, Rajasthan Royals, Royal Challengers Bangalore",880,1194,40,399,8.14
Harshit Rana,32,"Chennai Super Kings, Delhi Capitals, Gujarat Titans, Lucknow Super Giants, Mumbai Indians, Punjab Kings, Rajasthan Royals, Royal Challengers Bengaluru, Sunrisers Hyderabad",649,1029,40,247,9.51
P Awana,33,"Chennai Super Kings, Deccan Chargers, Delhi Daredevils, Kolkata Knight Riders, Mumbai Indians, Pune Warriors, Rajasthan Royals, Royal Challengers Bangalore, Sunrisers Hyderabad",747,1029,39,293,8.27
DT Christian,49,"Chennai Super Kings, Delhi Capitals, Delhi Daredevils, Gujarat Lions, Kings XI Punjab, Kochi Tuskers Kerala, Kolkata Knight Riders, Mumbai Indians, Pune Warriors, Punjab Kings, Rajasthan Royals, Royal Challengers Bangalore, Sunrisers Hyderabad",883,1192,38,296,8.1
Mohsin Khan,30,"Chennai Super Kings, Delhi Capitals, Gujarat Titans, Kolkata Knight Riders, Mumbai Indians, Punjab Kings, Rajasthan Royals, Royal Challengers Bangalore",654,917,38,272,8.41
PJ Sangwan,42,"Chennai Super Kings, Deccan Chargers, Delhi Daredevils, Kings XI Punjab, Kolkata Knight Riders, Mumbai Indians, Punjab Kings, Rajasthan Royals, Rising Pune Supergiant, Royal Challengers Bangalore, Sunrisers Hyderabad",856,1240,38,319,8.69
DE Bollinger,27,"Deccan Chargers, Delhi Daredevils, Kings XI Punjab, Kochi Tuskers Kerala, Kolkata Knight Riders, Mumbai Indians, Pune Warriors, Rajasthan Royals, Royal Challengers Bangalore",576,693,37,254,7.22
Harpreet Brar,48,"Chennai Super Kings, Delhi Capitals, Gujarat Titans, Kolkata Knight Riders, Lucknow Super Giants, Mumbai Indians, Rajasthan Royals, Royal Challengers Bangalore, Royal Challengers Bengaluru, Sunrisers Hyderabad",859,1145,37,285,8.0
MR Marsh,34,"Chennai Super Kings, Deccan Chargers, Delhi Daredevils, Gujarat Lions, Gujarat Titans, Kings XI Punjab, Kolkata Knight Riders, Mumbai Indians, Punjab Kings, Rajasthan Royals, Royal Challengers Bangalore, Sunrisers Hyderabad",560,795,37,181,8.52
MS Gony,44,"Chennai Super Kings, Deccan Chargers, Delhi Daredevils, Kings XI Punjab, Kochi Tuskers Kerala, Kolkata Knight Riders, Mumbai Indians, Pune Warriors, Rajasthan Royals, Royal Challengers Bangalore, Sunrisers Hyderabad",888,1287,37,348,8.7
M Markande,40,"Chennai Super Kings, Delhi Capitals, Delhi Daredevils, Gujarat Titans, Kings XI Punjab, Kolkata Knight Riders, Lucknow Super Giants, Mumbai Indians, Punjab Kings, Rajasthan Royals, Royal Challengers Bangalore, Royal Challengers Bengaluru, Sunrisers Hyderabad",750,1145,37,215,9.16
Yuvraj Singh,73,"Chennai Super Kings, Deccan Chargers, Delhi Daredevils, Gujarat Lions, Kings XI Punjab, Kochi Tuskers Kerala, Kolkata Knight Riders, Mumbai Indians, Rajasthan Royals, Rising Pune Supergiants, Royal Challengers Bangalore, Sunrisers Hyderabad",869,1077,36,258,7.44
M Theekshana,38,"Chennai Super Kings, Delhi Capitals, Gujarat Titans, Kolkata Knight Riders, Lucknow Super Giants, Mumbai Indians, Punjab Kings, Rajasthan Royals, Royal Challengers Bangalore, Royal Challengers Bengaluru, Sunrisers Hyderabad",876,1207,36,260,8.27
WD Parnell,33,"Chennai Super Kings, Deccan Chargers, Delhi Capitals, Delhi Daredevils, Gujarat Titans, Kings XI Punjab, Kochi Tuskers Kerala, Kolkata Knight Riders, Lucknow Super Giants, Mumbai Indians, Punjab Kings, Rajasthan Royals, Royal Challengers Bangalore, Sunrisers Hyderabad",723,937,35,296,7.78
M Ashwin,44,"Chennai Super Kings, Delhi Capitals, Delhi Daredevils, Gujarat Lions, Gujarat Titans, Kings XI Punjab, Kolkata Knight Riders, Lucknow Super Giants, Mumbai Indians, Punjab Kings, Rajasthan Royals, Royal Challengers Bangalore, Sunrisers Hyderabad",870,1162,35,283,8.01
P Negi,42,"Chennai Super Kings, Delhi Capitals, Delhi Daredevils, Gujarat Lions, Kings XI Punjab, Kolkata Knight Riders, Mumbai Indians, Pune Warriors, Rajasthan Royals, Rising Pune Supergiant, Rising Pune Supergiants, Royal Challengers Bangalore, Sunrisers Hyderabad",716,939,34,237,7.87
KK Cooper,25,"Chennai Super Kings, Delhi Daredevils, Kings XI Punjab, Kolkata Knight Riders, Mumbai Indians, Pune Warriors, Royal Challengers Bangalore, Sunrisers Hyderabad",576,757,33,184,7.89
R Sai Kishore,27,"Chennai Super Kings, Delhi Capitals, Kolkata Knight Riders, Lucknow Super Giants, Mumbai Indians, Punjab Kings, Rajasthan Royals, Royal Challengers Bangalore, Royal Challengers Bengaluru, Sunrisers Hyderabad",465,697,33,136,8.99
E Malinga,22,"Chennai Super Kings, Delhi Capitals, Gujarat Titans, Kolkata Knight Riders, Lucknow Super Giants, Mumbai Indians, Punjab Kings, Rajasthan Royals, Royal Challengers Bengaluru",486,745,33,167,9.2
Kartik Tyagi,33,"Chennai Super Kings, Delhi Capitals, Gujarat Titans, Kings XI Punjab, Kolkata Knight Riders, Lucknow Super Giants, Mumbai Indians, Punjab Kings, Rajasthan Royals, Royal Challengers Bangalore, Royal Challengers Bengaluru, Sunrisers Hyderabad",728,1211,33,255,9.98
R Tewatia,52,"Chennai Super Kings, Delhi Capitals, Kings XI Punjab, Kolkata Knight Riders, Lucknow Super Giants, Mumbai Indians, Punjab Kings, Rajasthan Royals, Rising Pune Supergiant, Royal Challengers Bangalore, Sunrisers Hyderabad",843,1111,32,264,7.91
M Kartik,55,"Chennai Super Kings, Deccan Chargers, Delhi Daredevils, Kings XI Punjab, Kochi Tuskers Kerala, Kolkata Knight Riders, Mumbai Indians, Pune Warriors, Rajasthan Royals, Royal Challengers Bangalore, Sunrisers Hyderabad",1149,1388,31,382,7.25
A Zampa,22,"Chennai Super Kings, Delhi Daredevils, Gujarat Titans, Kings XI Punjab, Kolkata Knight Riders, Lucknow Super Giants, Mumbai Indians, Punjab Kings, Rajasthan Royals, Royal Challengers Bangalore, Sunrisers Hyderabad",467,652,31,139,8.38
NLTC Perera,36,"Chennai Super Kings, Deccan Chargers, Delhi Daredevils, Gujarat Lions, Kings XI Punjab, Kolkata Knight Riders, Mumbai Indians, Pune Warriors, Rajasthan Royals, Royal Challengers Bangalore, Sunrisers Hyderabad",698,1016,31,227,8.73
A Kamboj,25,"Delhi Capitals, Gujarat Titans, Kolkata Knight Riders, Lucknow Super Giants, Mumbai Indians, Punjab Kings, Rajasthan Royals, Royal Challengers Bengaluru, Sunrisers Hyderabad",491,816,31,186,9.97
MJ Santner,35,"Chennai Super Kings, Delhi Capitals, Gujarat Titans, Kolkata Knight Riders, Lucknow Super Giants, Mumbai Indians, Punjab Kings, Rajasthan Royals, Royal Challengers Bangalore, Royal Challengers Bengaluru, Sunrisers Hyderabad",687,860,30,241,7.51
Shivam Mavi,32,"Chennai Super Kings, Delhi Capitals, Delhi Daredevils, Gujarat Titans, Kings XI Punjab, Lucknow Super Giants, Mumbai Indians, Punjab Kings, Rajasthan Royals, Royal Challengers Bangalore, Sunrisers Hyderabad",649,942,30,254,8.71
CR Woakes,21,"Chennai Super Kings, Delhi Daredevils, Gujarat Lions, Kings XI Punjab, Kolkata Knight Riders, Mumbai Indians, Punjab Kings, Rajasthan Royals, Rising Pune Supergiant, Royal Challengers Bangalore, Sunrisers Hyderabad",440,658,30,161,8.97
CJ Jordan,34,"Chennai Super Kings, Delhi Capitals, Delhi Daredevils, Gujarat Lions, Gujarat Titans, Kings XI Punjab, Kolkata Knight Riders, Lucknow Super Giants, Mumbai Indians, Punjab Kings, Rajasthan Royals, Rising Pune Supergiants, Royal Challengers Bangalore, Sunrisers Hyderabad",674,1081,30,206,9.62
Azhar Mahmood,23,"Chennai Super Kings, Deccan Chargers, Delhi Daredevils, Kolkata Knight Riders, Mumbai Indians, Pune Warriors, Rajasthan Royals, Royal Challengers Bangalore, Sunrisers Hyderabad",537,700,29,199,7.82
AB Agarkar,42,"Chennai Super Kings, Deccan Chargers, Delhi Daredevils, Kings XI Punjab, Kochi Tuskers Kerala, Kolkata Knight Riders, Mumbai Indians, Rajasthan Royals, Royal Challengers Bangalore",782,1151,29,254,8.83
Umran Malik,26,"Chennai Super Kings, Delhi Capitals, Gujarat Titans, Kolkata Knight Riders, Lucknow Super Giants, Mumbai Indians, Punjab Kings, Rajasthan Royals, Royal Challengers Bangalore",493,772,29,205,9.4
Rasikh Salam,25,"Chennai Super Kings, Delhi Capitals, Gujarat Titans, Kolkata Knight Riders, Lucknow Super Giants, Mumbai Indians, Punjab Kings, Rajasthan Royals, Royal Challengers Bengaluru, Sunrisers Hyderabad",488,814,29,151,10.01
DL Vettori,34,"Chennai Super Kings, Deccan Chargers, Delhi Daredevils, Kings XI Punjab, Kochi Tuskers Kerala, Kolkata Knight Riders, Mumbai Indians, Pune Warriors, Rajasthan Royals, Royal Challengers Bangalore",777,879,28,270,6.79
DP Nannes,29,"Chennai Super Kings, Deccan Chargers, Kings XI Punjab, Kochi Tuskers Kerala, Kolkata Knight Riders, Mumbai Indians, Pune Warriors, Rajasthan Royals, Royal Challengers Bangalore",646,785,28,285,7.29
PV Tambe,33,"Chennai Super Kings, Delhi Daredevils, Kings XI Punjab, Kolkata Knight Riders, Mumbai Indians, Rising Pune Supergiants, Royal Challengers Bangalore, Sunrisers Hyderabad",660,853,28,204,7.75
A Singh,23,"Chennai Super Kings, Deccan Chargers, Delhi Daredevils, Kings XI Punjab, Kochi Tuskers Kerala, Kolkata Knight Riders, Mumbai Indians, Pune Warriors, Royal Challengers Bangalore",473,620,28,189,7.86
BA Stokes,38,"Chennai Super Kings, Delhi Capitals, Delhi Daredevils, Gujarat Lions, Kings XI Punjab, Kolkata Knight Riders, Lucknow Super Giants, Mumbai Indians, Punjab Kings, Royal Challengers Bangalore, Sunrisers Hyderabad",689,992,28,228,8.64
MF Maharoof,20,"Deccan Chargers, Kings XI Punjab, Kolkata Knight Riders, Mumbai Indians, Rajasthan Royals, Royal Challengers Bangalore",420,520,27,165,7.43
Harmeet Singh,28,"Chennai Super Kings, Delhi Daredevils, Kolkata Knight Riders, Mumbai Indians, Pune Warriors, Rajasthan Royals, Royal Challengers Bangalore, Sunrisers Hyderabad",549,731,27,201,7.99
AD Mathews,44,"Chennai Super Kings, Deccan Chargers, Delhi Daredevils, Kings XI Punjab, Kolkata Knight Riders, Mumbai Indians, Rajasthan Royals, Royal Challengers Bangalore, Sunrisers Hyderabad",791,1079,27,224,8.18
Suyash Sharma,39,"Chennai Super Kings, Delhi Capitals, Gujarat Titans, Kolkata Knight Riders, Lucknow Super Giants, Mumbai Indians, Punjab Kings, Rajasthan Royals, Royal Challengers Bangalore, Royal Challengers Bengaluru, Sunrisers Hyderabad",803,1190,27,249,8.89
Shahbaz Ahmed,50,"Chennai Super Kings, Delhi Capitals, Gujarat Titans, Kolkata Knight Riders, Lucknow Super Giants, Mumbai Indians, Punjab Kings, Rajasthan Royals, Royal Challengers Bengaluru, Sunrisers Hyderabad",655,1069,27,168,9.79
Yash Thakur,22,"Chennai Super Kings, Delhi Capitals, Gujarat Titans, Kolkata Knight Riders, Mumbai Indians, Punjab Kings, Rajasthan Royals, Royal Challengers Bangalore, Royal Challengers Bengaluru, Sunrisers Hyderabad",467,825,27,146,10.6
DR Smith,46,"Chennai Super Kings, Delhi Daredevils, Kings XI Punjab, Kolkata Knight Riders, Mumbai Indians, Rajasthan Royals, Rising Pune Supergiant, Royal Challengers Bangalore, Sunrisers Hyderabad",539,810,26,168,9.02
Vijaykumar Vyshak,25,"Chennai Super Kings, Delhi Capitals, Gujarat Titans, Kolkata Knight Riders, Lucknow Super Giants, Mumbai Indians, Punjab Kings, Rajasthan Royals, Royal Challengers Bengaluru, Sunrisers Hyderabad",519,906,26,142,10.47
J Botha,34,"Chennai Super Kings, Deccan Chargers, Delhi Daredevils, Kings XI Punjab, Kochi Tuskers Kerala, Kolkata Knight Riders, Mumbai Indians, Pune Warriors, Rajasthan Royals, Royal Challengers Bangalore, Sunrisers Hyderabad",694,800,25,254,6.92
SK Raina,69,"Deccan Chargers, Delhi Daredevils, Kings XI Punjab, Kochi Tuskers Kerala, Kolkata Knight Riders, Mumbai Indians, Pune Warriors, Rajasthan Royals, Rising Pune Supergiant, Royal Challengers Bangalore, Sunrisers Hyderabad",908,1118,25,280,7.39
B Lee,38,"Chennai Super Kings, Deccan Chargers, Delhi Daredevils, Kings XI Punjab, Kochi Tuskers Kerala, Kolkata Knight Riders, Mumbai Indians, Pune Warriors, Rajasthan Royals, Royal Challengers Bangalore",875,1095,25,374,7.51
R Dhawan,36,"Chennai Super Kings, Delhi Capitals, Delhi Daredevils, Gujarat Titans, Kings XI Punjab, Kolkata Knight Riders, Lucknow Super Giants, Mumbai Indians, Pune Warriors, Rajasthan Royals, Rising Pune Supergiants, Royal Challengers Bangalore, Sunrisers Hyderabad",662,891,25,205,8.08
Naveen-ul-Haq,17,"Delhi Capitals, Gujarat Titans, Kolkata Knight Riders, Mumbai Indians, Punjab Kings, Rajasthan Royals, Royal Challengers Bangalore, Royal Challengers Bengaluru, Sunrisers Hyderabad",387,591,25,133,9.16
Mukesh Choudhary,24,"Delhi Capitals, Gujarat Titans, Lucknow Super Giants, Mumbai Indians, Punjab Kings, Rajasthan Royals, Royal Challengers Bangalore, Sunrisers Hyderabad",483,771,25,198,9.58
Navdeep Saini,32,"Chennai Super Kings, Delhi Capitals, Kings XI Punjab, Kolkata Knight Riders, Lucknow Super Giants, Mumbai Indians, Punjab Kings, Rajasthan Royals, Royal Challengers Bangalore, Sunrisers Hyderabad",670,983,24,277,8.8
AS Rajpoot,29,"Chennai Super Kings, Delhi Daredevils, Gujarat Lions, Kings XI Punjab, Kolkata Knight Riders, Mumbai Indians, Rajasthan Royals, Rising Pune Supergiants, Royal Challengers Bangalore, Sunrisers Hyderabad",529,814,24,192,9.23
JP Duminy,49,"Chennai Super Kings, Delhi Daredevils, Gujarat Lions, Kings XI Punjab, Kolkata Knight Riders, Mumbai Indians, Pune Warriors, Rajasthan Royals, Rising Pune Supergiants, Royal Challengers Bangalore, Sunrisers Hyderabad",678,834,23,234,7.38
GB Hogg,21,"Chennai Super Kings, Deccan Chargers, Delhi Daredevils, Gujarat Lions, Kings XI Punjab, Kolkata Knight Riders, Mumbai Indians, Royal Challengers Bangalore, Sunrisers Hyderabad",458,570,23,159,7.47
SW Tait,21,"Chennai Super Kings, Deccan Chargers, Delhi Daredevils, Kings XI Punjab, Kochi Tuskers Kerala, Kolkata Knight Riders, Mumbai Indians, Pune Warriors, Royal Challengers Bangalore",473,640,23,200,8.12
C Green,39,"Chennai Super Kings, Delhi Capitals, Gujarat Titans, Kolkata Knight Riders, Lucknow Super Giants, Mumbai Indians, Punjab Kings, Rajasthan Royals, Royal Challengers Bangalore, Royal Challengers Bengaluru, Sunrisers Hyderabad",571,898,23,192,9.44
Akash Madhwal,17,"Chennai Super Kings, Delhi Capitals, Gujarat Titans, Kolkata Knight Riders, Lucknow Super Giants, Mumbai Indians, Punjab Kings, Rajasthan Royals, Royal Challengers Bangalore, Royal Challengers Bengaluru, Sunrisers Hyderabad",352,590,23,105,10.06
Sohail Tanvir,11,"Chennai Super Kings, Deccan Chargers, Delhi Daredevils, Kolkata Knight Riders, Mumbai Indians, Royal Challengers Bangalore",247,266,22,121,6.46
STR Binny,63,"Chennai Super Kings, Deccan Chargers, Delhi Capitals, Delhi Daredevils, Gujarat Lions, Kings XI Punjab, Kolkata Knight Riders, Mumbai Indians, Pune Warriors, Rising Pune Supergiant, Rising Pune Supergiants, Royal Challengers Bangalore, Sunrisers Hyderabad",594,758,22,199,7.66
BW Hilfenhaus,17,"Deccan Chargers, Delhi Daredevils, Kings XI Punjab, Kolkata Knight Riders, Mumbai Indians, Rajasthan Royals, Sunrisers Hyderabad",372,479,22,173,7.73
Basil Thampi,25,"Delhi Capitals, Delhi Daredevils, Kings XI Punjab, Kolkata Knight Riders, Mumbai Indians, Punjab Kings, Rajasthan Royals, Rising Pune Supergiant, Royal Challengers Bangalore, Sunrisers Hyderabad",521,846,22,152,9.74
RE van der Merwe,21,"Chennai Super Kings, Deccan Chargers, Delhi Daredevils, Kings XI Punjab, Kochi Tuskers Kerala, Kolkata Knight Riders, Mumbai Indians, Rajasthan Royals",443,498,21,148,6.74
K Gowtham,35,"Chennai Super Kings, Delhi Capitals, Delhi Daredevils, Kings XI Punjab, Kolkata Knight Riders, Mumbai Indians, Punjab Kings, Rajasthan Royals, Royal Challengers Bangalore, Sunrisers Hyderabad",588,808,21,206,8.24
VY Mahesh,17,"Chennai Super Kings, Deccan Chargers, Kings XI Punjab, Kolkata Knight Riders, Mumbai Indians, Pune Warriors, Rajasthan Royals, Royal Challengers Bangalore",339,499,21,120,8.83
AS Joseph,22,"Chennai Super Kings, Delhi Capitals, Kings XI Punjab, Kolkata Knight Riders, Lucknow Super Giants, Mumbai Indians, Punjab Kings, Rajasthan Royals, Royal Challengers Bangalore, Sunrisers Hyderabad",434,691,21,162,9.55
N Burger,18,"Chennai Super Kings, Delhi Capitals, Gujarat Titans, Kolkata Knight Riders, Lucknow Super Giants, Mumbai Indians, Punjab Kings, Royal Challengers Bengaluru, Sunrisers Hyderabad",363,585,21,146,9.67
A Symonds,30,"Chennai Super Kings, Delhi Daredevils, Kings XI Punjab, Kolkata Knight Riders, Mumbai Indians, Pune Warriors, Rajasthan Royals, Royal Challengers Bangalore",527,674,20,190,7.67
Mujeeb Ur Rahman,20,"Chennai Super Kings, Delhi Capitals, Delhi Daredevils, Gujarat Titans, Kolkata Knight Riders, Mumbai Indians, Rajasthan Royals, Royal Challengers Bangalore, Sunrisers Hyderabad",446,620,20,151,8.34
C Sakariya,20,"Chennai Super Kings, Delhi Capitals, Kolkata Knight Riders, Lucknow Super Giants, Mumbai Indians, Punjab Kings, Rajasthan Royals, Royal Challengers Bangalore, Sunrisers Hyderabad",444,638,20,146,8.62
AD Mascarenhas,13,"Chennai Super Kings, Delhi Daredevils, Kings XI Punjab, Kolkata Knight Riders, Mumbai Indians, Pune Warriors, Royal Challengers Bangalore, Sunrisers Hyderabad",308,356,19,124,6.94
KW Richardson,15,"Chennai Super Kings, Delhi Daredevils, Gujarat Lions, Kings XI Punjab, Kolkata Knight Riders, Mumbai Indians, Rajasthan Royals, Rising Pune Supergiants, Royal Challengers Bangalore, Sunrisers Hyderabad",335,472,19,129,8.45
J Suchith,21,"Chennai Super Kings, Delhi Capitals, Delhi Daredevils, Kings XI Punjab, Kolkata Knight Riders, Punjab Kings, Rajasthan Royals, Royal Challengers Bangalore, Sunrisers Hyderabad",420,602,19,140,8.6
NT Ellis,17,"Delhi Capitals, Kolkata Knight Riders, Mumbai Indians, Rajasthan Royals, Royal Challengers Bangalore, Sunrisers Hyderabad",378,546,19,117,8.67
JP Behrendorff,17,"Chennai Super Kings, Delhi Capitals, Gujarat Titans, Kings XI Punjab, Lucknow Super Giants, Punjab Kings, Rajasthan Royals, Royal Challengers Bangalore, Sunrisers Hyderabad",366,552,19,139,9.05
DS Rathi,23,"Chennai Super Kings, Delhi Capitals, Gujarat Titans, Kolkata Knight Riders, Mumbai Indians, Punjab Kings, Rajasthan Royals, Royal Challengers Bengaluru, Sunrisers Hyderabad",546,826,19,149,9.08
Prince Yadav,20,"Chennai Super Kings, Delhi Capitals, Gujarat Titans, Kolkata Knight Riders, Mumbai Indians, Punjab Kings, Rajasthan Royals, Royal Challengers Bengaluru, Sunrisers Hyderabad",450,688,19,156,9.17
RP Meredith,18,"Chennai Super Kings, Delhi Capitals, Gujarat Titans, Kolkata Knight Riders, Lucknow Super Giants, Rajasthan Royals, Royal Challengers Bangalore, Sunrisers Hyderabad",388,612,19,147,9.46
WPUJC Vaas,13,"Chennai Super Kings, Delhi Daredevils, Kings XI Punjab, Kolkata Knight Riders, Rajasthan Royals, Royal Challengers Bangalore",282,355,18,128,7.55
IC Pandey,24,"Delhi Daredevils, Kings XI Punjab, Kolkata Knight Riders, Mumbai Indians, Rajasthan Royals, Royal Challengers Bangalore, Sunrisers Hyderabad",462,591,18,212,7.68
CH Gayle,38,"Chennai Super Kings, Deccan Chargers, Delhi Daredevils, Gujarat Lions, Kings XI Punjab, Kochi Tuskers Kerala, Kolkata Knight Riders, Mumbai Indians, Pune Warriors, Rajasthan Royals, Royal Challengers Bangalore, Sunrisers Hyderabad",554,729,18,180,7.9
Anureet Singh,22,"Chennai Super Kings, Delhi Daredevils, Kings XI Punjab, Kolkata Knight Riders, Mumbai Indians, Rajasthan Royals, Royal Challengers Bangalore, Sunrisers Hyderabad",412,623,18,139,9.07
A Ashish Reddy,20,"Chennai Super Kings, Delhi Daredevils, Kings XI Punjab, Kolkata Knight Riders, Mumbai Indians, Pune Warriors, Rajasthan Royals, Royal Challengers Bangalore",262,396,18,79,9.07
BB Sran,24,"Chennai Super Kings, Delhi Daredevils, Gujarat Lions, Kings XI Punjab, Kolkata Knight Riders, Mumbai Indians, Rising Pune Supergiants, Royal Challengers Bangalore, Sunrisers Hyderabad",483,757,18,168,9.4
Arshad Khan,24,"Chennai Super Kings, Delhi Capitals, Kolkata Knight Riders, Lucknow Super Giants, Mumbai Indians, Punjab Kings, Rajasthan Royals, Royal Challengers Bangalore, Royal Challengers Bengaluru",364,669,18,133,11.03
CRD Fernando,10,"Chennai Super Kings, Deccan Chargers, Delhi Daredevils, Kings XI Punjab, Kolkata Knight Riders, Rajasthan Royals, Royal Challengers Bangalore",234,298,17,99,7.64
BJ Hodge,20,"Chennai Super Kings, Deccan Chargers, Delhi Daredevils, Kings XI Punjab, Mumbai Indians, Pune Warriors, Rajasthan Royals, Royal Challengers Bangalore, Sunrisers Hyderabad",234,303,17,75,7.77
Bipul Sharma,28,"Chennai Super Kings, Deccan Chargers, Gujarat Lions, Kings XI Punjab, Kochi Tuskers Kerala, Kolkata Knight Riders, Mumbai Indians, Pune Warriors, Rajasthan Royals, Rising Pune Supergiant, Rising Pune Supergiants, Royal Challengers Bangalore",426,572,17,131,8.06
Ashwani Kumar,10,"Chennai Super Kings, Gujarat Titans, Kolkata Knight Riders, Lucknow Super Giants, Punjab Kings, Sunrisers Hyderabad",183,334,17,57,10.95
R Shepherd,28,"Chennai Super Kings, Delhi Capitals, Gujarat Titans, Lucknow Super Giants, Mumbai Indians, Punjab Kings, Rajasthan Royals, Royal Challengers Bengaluru, Sunrisers Hyderabad",360,706,17,98,11.77
R Rampaul,12,"Chennai Super Kings, Delhi Daredevils, Kings XI Punjab, Kolkata Knight Riders, Mumbai Indians, Pune Warriors, Rajasthan Royals",268,309,16,130,6.92
D Wiese,15,"Chennai Super Kings, Delhi Daredevils, Kings XI Punjab, Kolkata Knight Riders, Mumbai Indians, Rajasthan Royals, Sunrisers Hyderabad",296,440,16,82,8.92
KA Jamieson,15,"Chennai Super Kings, Delhi Capitals, Kolkata Knight Riders, Mumbai Indians, Punjab Kings, Rajasthan Royals, Royal Challengers Bengaluru, Sunrisers Hyderabad",300,506,16,114,10.12
Mohammad Nabi,23,"Chennai Super Kings, Delhi Capitals, Gujarat Lions, Kings XI Punjab, Kolkata Knight Riders, Lucknow Super Giants, Mumbai Indians, Rajasthan Royals, Royal Challengers Bangalore, Royal Challengers Bengaluru",417,517,15,146,7.44
RG Sharma,32,"Chennai Super Kings, Delhi Daredevils, Kings XI Punjab, Kolkata Knight Riders, Mumbai Indians, Rajasthan Royals, Royal Challengers Bangalore, Sunrisers Hyderabad",339,453,15,88,8.02
LR Shukla,27,"Chennai Super Kings, Deccan Chargers, Delhi Daredevils, Kings XI Punjab, Kolkata Knight Riders, Mumbai Indians, Rajasthan Royals, Royal Challengers Bangalore, Sunrisers Hyderabad",314,447,15,109,8.54
YA Abdulla,11,"Chennai Super Kings, Delhi Daredevils, Kolkata Knight Riders, Mumbai Indians, Rajasthan Royals, Royal Challengers Bangalore",209,307,15,88,8.81
AS Roy,22,"Chennai Super Kings, Delhi Capitals, Gujarat Titans, Lucknow Super Giants, Mumbai Indians, Punjab Kings, Rajasthan Royals, Royal Challengers Bengaluru, Sunrisers Hyderabad",323,479,15,106,8.9
Sakib Hussain,11,"Chennai Super Kings, Delhi Capitals, Gujarat Titans, Kolkata Knight Riders, Mumbai Indians, Punjab Kings, Rajasthan Royals, Royal Challengers Bengaluru",252,397,15,86,9.45
Azmatullah Omarzai,18,"Chennai Super Kings, Delhi Capitals, Gujarat Titans, Lucknow Super Giants, Mumbai Indians, Punjab Kings, Rajasthan Royals, Royal Challengers Bengaluru, Sunrisers Hyderabad",354,568,15,118,9.63
AM Ghazanfar,11,"Chennai Super Kings, Gujarat Titans, Kolkata Knight Riders, Lucknow Super Giants, Punjab Kings, Rajasthan Royals, Royal Challengers Bengaluru, Sunrisers Hyderabad",233,389,15,69,10.02
G Coetzee,14,"Chennai Super Kings, Delhi Capitals, Gujarat Titans, Kolkata Knight Riders, Lucknow Super Giants, Mumbai Indians, Punjab Kings, Rajasthan Royals, Royal Challengers Bengaluru, Sunrisers Hyderabad",273,472,15,90,10.37
AC Thomas,15,"Chennai Super Kings, Deccan Chargers, Delhi Daredevils, Kings XI Punjab, Kochi Tuskers Kerala, Kolkata Knight Riders, Mumbai Indians, Rajasthan Royals, Royal Challengers Bangalore",315,406,14,126,7.73
DR Sams,16,"Chennai Super Kings, Delhi Capitals, Gujarat Titans, Kings XI Punjab, Kolkata Knight Riders, Lucknow Super Giants, Mumbai Indians, Punjab Kings, Rajasthan Royals, Royal Challengers Bangalore, Sunrisers Hyderabad",360,523,14,142,8.72
JR Hopes,20,"Chennai Super Kings, Deccan Chargers, Delhi Daredevils, Kings XI Punjab, Kolkata Knight Riders, Mumbai Indians, Pune Warriors, Rajasthan Royals, Royal Challengers Bangalore",360,548,14,105,9.13
SJ Srivastava,14,"Chennai Super Kings, Deccan Chargers, Delhi Daredevils, Kochi Tuskers Kerala, Kolkata Knight Riders, Mumbai Indians, Pune Warriors, Rajasthan Royals, Royal Challengers Bangalore",282,441,14,103,9.38
KR Sen,12,"Chennai Super Kings, Delhi Capitals, Gujarat Titans, Kolkata Knight Riders, Lucknow Super Giants, Mumbai Indians, Punjab Kings, Royal Challengers Bangalore",241,387,14,83,9.63
J Overton,13,"Delhi Capitals, Gujarat Titans, Kolkata Knight Riders, Lucknow Super Giants, Mumbai Indians, Rajasthan Royals, Royal Challengers Bengaluru, Sunrisers Hyderabad",204,332,14,64,9.76
Brijesh Sharma,13,"Chennai Super Kings, Delhi Capitals, Gujarat Titans, Kolkata Knight Riders, Lucknow Super Giants, Mumbai Indians, Punjab Kings, Royal Challengers Bengaluru, Sunrisers Hyderabad",273,450,14,84,9.89
PP Hinge,7,"Chennai Super Kings, Gujarat Titans, Mumbai Indians, Rajasthan Royals",156,305,14,60,11.73
CK Langeveldt,7,"Deccan Chargers, Delhi Daredevils, Kings XI Punjab, Kolkata Knight Riders, Rajasthan Royals, Royal Challengers Bangalore",156,187,13,69,7.19
RR Powar,26,"Chennai Super Kings, Deccan Chargers, Delhi Daredevils, Kolkata Knight Riders, Mumbai Indians, Rajasthan Royals, Royal Challengers Bangalore",426,527,13,166,7.42
ST Jayasuriya,21,"Chennai Super Kings, Deccan Chargers, Delhi Daredevils, Kings XI Punjab, Kolkata Knight Riders, Rajasthan Royals, Royal Challengers Bangalore",294,390,13,83,7.96
S Lamichhane,9,"Chennai Super Kings, Kings XI Punjab, Kolkata Knight Riders, Mumbai Indians, Royal Challengers Bangalore, Sunrisers Hyderabad",210,292,13,75,8.34
CR Brathwaite,16,"Chennai Super Kings, Delhi Capitals, Gujarat Lions, Kings XI Punjab, Kolkata Knight Riders, Rajasthan Royals, Rising Pune Supergiants, Royal Challengers Bangalore, Sunrisers Hyderabad",254,379,13,74,8.95
LS Livingstone,27,"Chennai Super Kings, Delhi Capitals, Gujarat Titans, Kolkata Knight Riders, Lucknow Super Giants, Mumbai Indians, Rajasthan Royals, Royal Challengers Bangalore, Royal Challengers Bengaluru, Sunrisers Hyderabad",312,469,13,81,9.02
C Bosch,8,"Delhi Capitals, Kolkata Knight Riders, Lucknow Super Giants, Punjab Kings, Rajasthan Royals, Royal Challengers Bengaluru",163,250,13,67,9.2
V Nigam,18,"Chennai Super Kings, Gujarat Titans, Kolkata Knight Riders, Lucknow Super Giants, Mumbai Indians, Punjab Kings, Rajasthan Royals, Royal Challengers Bengaluru, Sunrisers Hyderabad",288,469,13,85,9.77
PVD Chameera,20,"Chennai Super Kings, Delhi Capitals, Gujarat Titans, Kolkata Knight Riders, Lucknow Super Giants, Mumbai Indians, Punjab Kings, Rajasthan Royals, Royal Challengers Bangalore, Royal Challengers Bengaluru",396,648,13,151,9.82
Akash Singh,12,"Chennai Super Kings, Gujarat Titans, Kolkata Knight Riders, Punjab Kings, Rajasthan Royals, Royal Challengers Bangalore, Royal Challengers Bengaluru, Sunrisers Hyderabad",247,406,13,91,9.86
Harsh Dubey,11,"Delhi Capitals, Kolkata Knight Riders, Lucknow Super Giants, Mumbai Indians, Punjab Kings, Rajasthan Royals, Royal Challengers Bengaluru",192,326,13,54,10.19
Nithish Kumar Reddy,26,"Chennai Super Kings, Delhi Capitals, Gujarat Titans, Kolkata Knight Riders, Lucknow Super Giants, Mumbai Indians, Punjab Kings, Rajasthan Royals, Royal Challengers Bangalore, Royal Challengers Bengaluru",325,577,13,92,10.65
TK Curran,13,"Chennai Super Kings, Delhi Daredevils, Kings XI Punjab, Kolkata Knight Riders, Mumbai Indians, Rajasthan Royals, Royal Challengers Bangalore",238,430,13,57,10.84
GD McGrath,14,"Chennai Super Kings, Deccan Chargers, Kings XI Punjab, Kolkata Knight Riders, Mumbai Indians, Rajasthan Royals, Royal Challengers Bangalore",324,357,12,153,6.61
Ankit Sharma,21,"Chennai Super Kings, Delhi Daredevils, Gujarat Lions, Kings XI Punjab, Kolkata Knight Riders, Mumbai Indians, Pune Warriors, Rajasthan Royals, Royal Challengers Bangalore",367,450,12,137,7.36
BA Bhatt,15,"Chennai Super Kings, Deccan Chargers, Delhi Daredevils, Kochi Tuskers Kerala, Kolkata Knight Riders, Mumbai Indians, Pune Warriors, Rajasthan Royals",296,397,12,93,8.05
Umar Gul,6,"Deccan Chargers, Kings XI Punjab, Rajasthan Royals, Royal Challengers Bangalore",135,184,12,51,8.18
K Kartikeya,16,"Chennai Super Kings, Gujarat Titans, Kolkata Knight Riders, Mumbai Indians, Punjab Kings, Rajasthan Royals, Royal Challengers Bangalore, Royal Challengers Bengaluru, Sunrisers Hyderabad",282,407,12,85,8.66
AN Ahmed,17,"Chennai Super Kings, Deccan Chargers, Delhi Daredevils, Kings XI Punjab, Kolkata Knight Riders, Mumbai Indians, Pune Warriors, Royal Challengers Bangalore, Sunrisers Hyderabad",344,498,12,120,8.69
VRV Singh,18,"Chennai Super Kings, Deccan Chargers, Delhi Daredevils, Kolkata Knight Riders, Mumbai Indians, Rajasthan Royals, Royal Challengers Bangalore",360,542,12,114,9.03
R McLaren,18,"Chennai Super Kings, Deccan Chargers, Kings XI Punjab, Kolkata Knight Riders, Mumbai Indians, Pune Warriors, Rajasthan Royals, Royal Challengers Bangalore",354,542,12,116,9.19
Karanveer Singh,9,"Chennai Super Kings, Delhi Daredevils, Kolkata Knight Riders, Mumbai Indians, Rajasthan Royals, Royal Challengers Bangalore",204,321,12,64,9.44
Joginder Sharma,15,"Deccan Chargers, Delhi Daredevils, Kings XI Punjab, Kolkata Knight Riders, Mumbai Indians, Rajasthan Royals, Royal Challengers Bangalore",256,419,12,71,9.82
A Chandila,12,"Chennai Super Kings, Deccan Chargers, Kings XI Punjab, Mumbai Indians, Pune Warriors, Royal Challengers Bangalore, Sunrisers Hyderabad",234,242,11,103,6.21
SM Pollock,13,"Chennai Super Kings, Deccan Chargers, Delhi Daredevils, Kings XI Punjab, Kolkata Knight Riders, Rajasthan Royals, Royal Challengers Bangalore",276,301,11,130,6.54
S Badree,12,"Delhi Daredevils, Gujarat Lions, Kings XI Punjab, Kolkata Knight Riders, Mumbai Indians, Rajasthan Royals, Rising Pune Supergiant, Royal Challengers Bangalore",258,319,11,109,7.42
J Theron,10,"Chennai Super Kings, Deccan Chargers, Delhi Daredevils, Kings XI Punjab, Kolkata Knight Riders, Mumbai Indians, Pune Warriors, Rajasthan Royals",221,302,11,68,8.2
AB McDonald,10,"Chennai Super Kings, Delhi Daredevils, Kings XI Punjab, Kolkata Knight Riders, Mumbai Indians, Rajasthan Royals, Royal Challengers Bangalore",186,261,11,50,8.42
RS Bopara,14,"Chennai Super Kings, Delhi Daredevils, Kolkata Knight Riders, Mumbai Indians, Rajasthan Royals, Royal Challengers Bangalore",206,292,11,61,8.5
DJG Sammy,19,"Chennai Super Kings, Delhi Daredevils, Kings XI Punjab, Kolkata Knight Riders, Mumbai Indians, Rajasthan Royals, Royal Challengers Bangalore, Sunrisers Hyderabad",236,350,11,72,8.9
J Little,11,"Chennai Super Kings, Delhi Capitals, Kolkata Knight Riders, Mumbai Indians, Punjab Kings, Rajasthan Royals, Royal Challengers Bengaluru",228,339,11,82,8.92
MA Wood,5,"Chennai Super Kings, Delhi Capitals, Mumbai Indians, Punjab Kings, Royal Challengers Bangalore",120,179,11,47,8.95
JL Pattinson,10,"Chennai Super Kings, Delhi Capitals, Kings XI Punjab, Kolkata Knight Riders, Rajasthan Royals, Royal Challengers Bangalore, Sunrisers Hyderabad",213,320,11,77,9.01
Abhishek Sharma,36,"Chennai Super Kings, Delhi Capitals, Gujarat Titans, Kings XI Punjab, Kolkata Knight Riders, Lucknow Super Giants, Mumbai Indians, Punjab Kings, Rajasthan Royals, Royal Challengers Bangalore, Royal Challengers Bengaluru",365,550,11,97,9.04
OC McCoy,8,"Chennai Super Kings, Delhi Capitals, Gujarat Titans, Kolkata Knight Riders, Lucknow Super Giants, Royal Challengers Bangalore, Sunrisers Hyderabad",161,250,11,49,9.32
Pankaj Singh,17,"Chennai Super Kings, Deccan Chargers, Delhi Daredevils, Kings XI Punjab, Kolkata Knight Riders, Mumbai Indians, Rajasthan Royals, Royal Challengers Bangalore",300,468,11,111,9.36
TS Mills,10,"Delhi Capitals, Delhi Daredevils, Kings XI Punjab, Kolkata Knight Riders, Lucknow Super Giants, Mumbai Indians, Punjab Kings, Rajasthan Royals, Sunrisers Hyderabad",209,343,11,69,9.85
Simarjeet Singh,14,"Delhi Capitals, Gujarat Titans, Kolkata Knight Riders, Lucknow Super Giants, Mumbai Indians, Punjab Kings, Rajasthan Royals, Royal Challengers Bangalore, Royal Challengers Bengaluru, Sunrisers Hyderabad",240,400,11,102,10.0
CJ Anderson,22,"Chennai Super Kings, Delhi Daredevils, Gujarat Lions, Kings XI Punjab, Kolkata Knight Riders, Mumbai Indians, Rajasthan Royals, Rising Pune Supergiant, Royal Challengers Bangalore, Sunrisers Hyderabad",297,518,11,79,10.46
SC Ganguly,20,"Deccan Chargers, Delhi Daredevils, Kings XI Punjab, Kolkata Knight Riders, Mumbai Indians, Rajasthan Royals, Royal Challengers Bangalore",276,363,10,75,7.89
DJ Hooda,34,"Chennai Super Kings, Delhi Capitals, Delhi Daredevils, Gujarat Lions, Gujarat Titans, Kings XI Punjab, Kolkata Knight Riders, Mumbai Indians, Rajasthan Royals, Royal Challengers Bangalore, Sunrisers Hyderabad",379,546,10,102,8.64
Kamran Khan,9,"Chennai Super Kings, Delhi Daredevils, Kings XI Punjab, Kolkata Knight Riders, Mumbai Indians, Royal Challengers Bangalore",166,239,10,63,8.64
V Pratap Singh,9,"Chennai Super Kings, Delhi Daredevils, Kings XI Punjab, Kolkata Knight Riders, Mumbai Indians, Pune Warriors, Rajasthan Royals, Royal Challengers Bangalore",204,296,10,71,8.71
Lalit Yadav,19,"Chennai Super Kings, Kolkata Knight Riders, Lucknow Super Giants, Mumbai Indians, Punjab Kings, Rajasthan Royals, Royal Challengers Bangalore, Sunrisers Hyderabad",288,425,10,82,8.85
N Rana,27,"Chennai Super Kings, Delhi Capitals, Delhi Daredevils, Gujarat Titans, Kings XI Punjab, Kolkata Knight Riders, Lucknow Super Giants, Mumbai Indians, Punjab Kings, Rajasthan Royals, Royal Challengers Bangalore, Sunrisers Hyderabad",216,325,10,65,9.03
BCJ Cutting,17,"Chennai Super Kings, Delhi Capitals, Delhi Daredevils, Gujarat Lions, Kings XI Punjab, Kolkata Knight Riders, Mumbai Indians, Royal Challengers Bangalore, Sunrisers Hyderabad",281,429,10,77,9.16
WG Jacks,19,"Chennai Super Kings, Delhi Capitals, Gujarat Titans, Kolkata Knight Riders, Lucknow Super Giants, Mumbai Indians, Punjab Kings, Rajasthan Royals, Royal Challengers Bengaluru, Sunrisers Hyderabad",191,314,10,62,9.86
B Laughlin,9,"Chennai Super Kings, Delhi Daredevils, Kolkata Knight Riders, Mumbai Indians, Royal Challengers Bangalore, Sunrisers Hyderabad",168,282,10,42,10.07
Akash Deep,14,"Chennai Super Kings, Gujarat Titans, Kolkata Knight Riders, Mumbai Indians, Punjab Kings, Rajasthan Royals, Sunrisers Hyderabad",278,548,10,89,11.83
SMSM Senanayake,8,"Chennai Super Kings, Kings XI Punjab, Mumbai Indians, Pune Warriors, Rajasthan Royals, Royal Challengers Bangalore, Sunrisers Hyderabad",192,209,9,73,6.53
IS Sodhi,8,"Chennai Super Kings, Delhi Capitals, Kings XI Punjab, Kolkata Knight Riders, Royal Challengers Bangalore, Sunrisers Hyderabad",181,202,9,64,6.7
AG Murtaza,12,"Delhi Daredevils, Kochi Tuskers Kerala, Kolkata Knight Riders, Pune Warriors, Rajasthan Royals, Royal Challengers Bangalore",264,313,9,101,7.11
SE Bond,8,"Chennai Super Kings, Deccan Chargers, Kings XI Punjab, Mumbai Indians, Rajasthan Royals",186,224,9,75,7.23
Shahid Afridi,10,"Chennai Super Kings, Delhi Daredevils, Kings XI Punjab, Mumbai Indians, Rajasthan Royals, Royal Challengers Bangalore",180,225,9,57,7.5
KP Appanna,13,"Deccan Chargers, Delhi Daredevils, Kings XI Punjab, Kolkata Knight Riders, Mumbai Indians, Pune Warriors, Rajasthan Royals",216,286,9,68,7.94
MN Samuels,11,"Chennai Super Kings, Deccan Chargers, Gujarat Lions, Kings XI Punjab, Mumbai Indians, Rising Pune Supergiant, Royal Challengers Bangalore, Sunrisers Hyderabad",214,284,9,79,7.96
AJ Hosein,8,"Delhi Capitals, Gujarat Titans, Kolkata Knight Riders, Lucknow Super Giants, Mumbai Indians, Sunrisers Hyderabad",172,238,9,63,8.3
AM Nayar,19,"Chennai Super Kings, Deccan Chargers, Delhi Daredevils, Kolkata Knight Riders, Pune Warriors, Rajasthan Royals, Royal Challengers Bangalore",229,322,9,69,8.44
V Shankar,22,"Chennai Super Kings, Delhi Capitals, Kolkata Knight Riders, Mumbai Indians, Punjab Kings, Rajasthan Royals, Royal Challengers Bangalore, Sunrisers Hyderabad",238,344,9,80,8.67
KMA Paul,8,"Chennai Super Kings, Kolkata Knight Riders, Mumbai Indians, Rajasthan Royals, Sunrisers Hyderabad",163,237,9,52,8.72
P Parameswaran,8,"Deccan Chargers, Delhi Daredevils, Kings XI Punjab, Kolkata Knight Riders, Rajasthan Royals, Royal Challengers Bangalore",154,224,9,64,8.73
JEC Franklin,15,"Chennai Super Kings, Deccan Chargers, Delhi Daredevils, Kings XI Punjab, Kolkata Knight Riders, Pune Warriors, Rajasthan Royals, Royal Challengers Bangalore",151,220,9,39,8.74
JDP Oram,14,"Deccan Chargers, Delhi Daredevils, Kings XI Punjab, Kochi Tuskers Kerala, Kolkata Knight Riders, Mumbai Indians, Rajasthan Royals, Royal Challengers Bangalore",237,349,9,79,8.84
M Siddharth,9,"Delhi Capitals, Gujarat Titans, Kolkata Knight Riders, Mumbai Indians, Punjab Kings, Royal Challengers Bengaluru, Sunrisers Hyderabad",186,283,9,59,9.13
Yash Raj Punja,8,"Delhi Capitals, Gujarat Titans, Kolkata Knight Riders, Lucknow Super Giants, Mumbai Indians, Punjab Kings, Sunrisers Hyderabad",180,279,9,47,9.3
BE Hendricks,7,"Chennai Super Kings, Delhi Daredevils, Kolkata Knight Riders, Mumbai Indians, Rajasthan Royals, Royal Challengers Bangalore, Sunrisers Hyderabad",150,235,9,52,9.4
N Thushara,8,"Delhi Capitals, Kolkata Knight Riders, Lucknow Super Giants, Rajasthan Royals, Sunrisers Hyderabad",180,283,9,58,9.43
Shivang Kumar,13,"Chennai Super Kings, Delhi Capitals, Gujarat Titans, Kolkata Knight Riders, Lucknow Super Giants, Punjab Kings, Rajasthan Royals, Royal Challengers Bengaluru",234,375,9,62,9.62
R Parag,34,"Chennai Super Kings, Delhi Capitals, Gujarat Titans, Kolkata Knight Riders, Mumbai Indians, Punjab Kings, Royal Challengers Bangalore, Royal Challengers Bengaluru, Sunrisers Hyderabad",319,515,9,70,9.69
MP Yadav,10,"Chennai Super Kings, Gujarat Titans, Mumbai Indians, Punjab Kings, Rajasthan Royals, Royal Challengers Bengaluru",217,367,9,92,10.15
JA Duffy,6,"Chennai Super Kings, Gujarat Titans, Kolkata Knight Riders, Mumbai Indians, Sunrisers Hyderabad",144,263,9,54,10.96
J Yadav,20,"Chennai Super Kings, Delhi Capitals, Kings XI Punjab, Lucknow Super Giants, Punjab Kings, Rajasthan Royals, Rising Pune Supergiants, Royal Challengers Bangalore, Sunrisers Hyderabad",390,445,8,153,6.85
T Thushara,6,"Deccan Chargers, Kings XI Punjab, Mumbai Indians, Rajasthan Royals, Royal Challengers Bangalore",135,161,8,57,7.16
BAW Mendis,10,"Chennai Super Kings, Delhi Daredevils, Kings XI Punjab, Mumbai Indians, Rajasthan Royals, Royal Challengers Bangalore",244,303,8,76,7.45
SB Styris,11,"Chennai Super Kings, Delhi Daredevils, Kings XI Punjab, Kolkata Knight Riders, Rajasthan Royals, Royal Challengers Bangalore",216,276,8,83,7.67
JD Ryder,16,"Chennai Super Kings, Deccan Chargers, Delhi Daredevils, Kings XI Punjab, Kochi Tuskers Kerala, Kolkata Knight Riders, Mumbai Indians, Rajasthan Royals, Royal Challengers Bangalore",236,303,8,79,7.7
AA Chavan,13,"Delhi Daredevils, Kings XI Punjab, Kochi Tuskers Kerala, Kolkata Knight Riders, Mumbai Indians, Pune Warriors",248,326,8,100,7.89
Anand Rajan,8,"Delhi Daredevils, Kings XI Punjab, Kolkata Knight Riders, Mumbai Indians, Rajasthan Royals, Royal Challengers Bangalore",149,201,8,57,8.09
J Syed Mohammad,11,"Chennai Super Kings, Deccan Chargers, Delhi Daredevils, Kolkata Knight Riders, Mumbai Indians, Pune Warriors",192,283,8,47,8.84
DJ Hussey,26,"Chennai Super Kings, Deccan Chargers, Delhi Daredevils, Kings XI Punjab, Kolkata Knight Riders, Mumbai Indians, Rajasthan Royals, Royal Challengers Bangalore",317,474,8,86,8.97
S Sandeep Warrier,10,"Chennai Super Kings, Delhi Capitals, Kings XI Punjab, Mumbai Indians, Punjab Kings, Royal Challengers Bengaluru",168,253,8,72,9.04
Mohammad Asif,8,"Chennai Super Kings, Deccan Chargers, Kings XI Punjab, Mumbai Indians, Rajasthan Royals, Royal Challengers Bangalore",192,296,8,64,9.25
JDS Neesham,13,"Chennai Super Kings, Delhi Capitals, Gujarat Titans, Kings XI Punjab, Kolkata Knight Riders, Mumbai Indians, Rajasthan Royals, Royal Challengers Bangalore, Sunrisers Hyderabad",216,334,8,63,9.28
KC Cariappa,11,"Delhi Daredevils, Gujarat Lions, Mumbai Indians, Royal Challengers Bangalore, Sunrisers Hyderabad",216,348,8,61,9.67
I Udana,10,"Chennai Super Kings, Delhi Capitals, Kings XI Punjab, Kolkata Knight Riders, Mumbai Indians, Rajasthan Royals, Sunrisers Hyderabad",174,282,8,45,9.72
Yudhvir Singh,9,"Chennai Super Kings, Delhi Capitals, Gujarat Titans, Kolkata Knight Riders, Punjab Kings, Rajasthan Royals, Sunrisers Hyderabad",138,253,8,54,11.0
M Ntini,9,"Deccan Chargers, Delhi Daredevils, Kings XI Punjab, Kolkata Knight Riders, Rajasthan Royals, Royal Challengers Bangalore",210,242,7,99,6.91
KP Pietersen,13,"Chennai Super Kings, Deccan Chargers, Delhi Daredevils, Kings XI Punjab, Kolkata Knight Riders, Mumbai Indians, Pune Warriors",174,215,7,54,7.41
AM Salvi,7,"Chennai Super Kings, Deccan Chargers, Kings XI Punjab, Mumbai Indians, Rajasthan Royals, Royal Challengers Bangalore",150,200,7,57,8.0
PC Valthaty,10,"Deccan Chargers, Delhi Daredevils, Kolkata Knight Riders, Mumbai Indians, Pune Warriors, Rajasthan Royals, Royal Challengers Bangalore",151,205,7,44,8.15
B Stanlake,6,"Chennai Super Kings, Delhi Daredevils, Kings XI Punjab, Kolkata Knight Riders, Mumbai Indians, Rajasthan Royals",144,200,7,64,8.33
HF Gurney,8,"Chennai Super Kings, Kings XI Punjab, Mumbai Indians, Rajasthan Royals, Royal Challengers Bangalore, Sunrisers Hyderabad",162,238,7,50,8.81
Swapnil Singh,14,"Chennai Super Kings, Delhi Capitals, Gujarat Titans, Kolkata Knight Riders, Mumbai Indians, Punjab Kings, Rajasthan Royals, Rising Pune Supergiant, Sunrisers Hyderabad",162,241,7,39,8.93
GC Viljoen,6,"Delhi Capitals, Kolkata Knight Riders, Mumbai Indians, Royal Challengers Bangalore",138,222,7,43,9.65
AF Milne,11,"Chennai Super Kings, Delhi Capitals, Gujarat Lions, Kolkata Knight Riders, Mumbai Indians, Rising Pune Supergiant, Royal Challengers Bangalore, Sunrisers Hyderabad",227,368,7,71,9.73
A Mithun,16,"Chennai Super Kings, Deccan Chargers, Delhi Daredevils, Kings XI Punjab, Kochi Tuskers Kerala, Kolkata Knight Riders, Mumbai Indians, Pune Warriors",288,472,7,90,9.83
Ramandeep Singh,6,"Chennai Super Kings, Delhi Capitals, Gujarat Titans, Punjab Kings, Rajasthan Royals, Sunrisers Hyderabad",56,94,7,13,10.07
SH Johnson,12,"Chennai Super Kings, Delhi Capitals, Gujarat Titans, Lucknow Super Giants, Mumbai Indians, Rajasthan Royals, Royal Challengers Bengaluru, Sunrisers Hyderabad",230,396,7,85,10.33
KM Asif,7,"Delhi Daredevils, Kolkata Knight Riders, Punjab Kings, Rajasthan Royals, Royal Challengers Bangalore, Sunrisers Hyderabad",133,231,7,46,10.42
P Amarnath,6,"Delhi Daredevils, Kings XI Punjab, Kolkata Knight Riders, Mumbai Indians, Royal Challengers Bangalore",132,236,7,29,10.73
XC Bartlett,13,"Chennai Super Kings, Delhi Capitals, Gujarat Titans, Kolkata Knight Riders, Lucknow Super Giants, Mumbai Indians, Rajasthan Royals, Royal Challengers Bengaluru, Sunrisers Hyderabad",261,484,7,82,11.13
DJ Willey,11,"Kolkata Knight Riders, Lucknow Super Giants, Mumbai Indians, Punjab Kings, Rajasthan Royals, Royal Challengers Bangalore, Sunrisers Hyderabad",216,272,6,79,7.56
VS Malik,13,"Chennai Super Kings, Deccan Chargers, Delhi Daredevils, Kings XI Punjab, Kolkata Knight Riders, Mumbai Indians, Royal Challengers Bangalore, Sunrisers Hyderabad",205,261,6,84,7.64
S Randiv,8,"Deccan Chargers, Kings XI Punjab, Kolkata Knight Riders, Mumbai Indians, Pune Warriors, Rajasthan Royals, Royal Challengers Bangalore",174,223,6,60,7.69
B Akhil,13,"Chennai Super Kings, Deccan Chargers, Delhi Daredevils, Kolkata Knight Riders, Mumbai Indians",188,242,6,60,7.72
TL Suman,11,"Chennai Super Kings, Deccan Chargers, Kings XI Punjab, Kolkata Knight Riders, Mumbai Indians, Royal Challengers Bangalore",150,197,6,43,7.88
JE Taylor,5,"Chennai Super Kings, Mumbai Indians, Rajasthan Royals, Royal Challengers Bangalore",117,157,6,48,8.05
S Tyagi,14,"Deccan Chargers, Delhi Daredevils, Kings XI Punjab, Kolkata Knight Riders, Mumbai Indians, Rajasthan Royals, Royal Challengers Bangalore",209,295,6,93,8.47
MG Bracewell,5,"Gujarat Titans, Kolkata Knight Riders, Mumbai Indians, Rajasthan Royals, Sunrisers Hyderabad",66,95,6,26,8.64
S Kaushik,10,"Delhi Daredevils, Kings XI Punjab, Kolkata Knight Riders, Rising Pune Supergiants, Royal Challengers Bangalore, Sunrisers Hyderabad",204,297,6,68,8.74
SS Cottrell,6,"Chennai Super Kings, Delhi Capitals, Mumbai Indians, Rajasthan Royals, Royal Challengers Bangalore, Sunrisers Hyderabad",120,176,6,58,8.8
C de Grandhomme,19,"Chennai Super Kings, Delhi Daredevils, Kings XI Punjab, Mumbai Indians, Rajasthan Royals, Rising Pune Supergiant, Royal Challengers Bangalore, Sunrisers Hyderabad",216,319,6,58,8.86
RR Raje,10,"Chennai Super Kings, Deccan Chargers, Delhi Daredevils, Kings XI Punjab, Kolkata Knight Riders, Rajasthan Royals",139,209,6,39,9.02
V Puthur,5,"Chennai Super Kings, Kolkata Knight Riders, Lucknow Super Giants, Royal Challengers Bengaluru, Sunrisers Hyderabad",72,109,6,24,9.08
Y Venugopal Rao,20,"Chennai Super Kings, Deccan Chargers, Delhi Daredevils, Kings XI Punjab, Kolkata Knight Riders, Mumbai Indians, Pune Warriors, Rajasthan Royals, Royal Challengers Bangalore",216,337,6,59,9.36
D Pretorius,7,"Lucknow Super Giants, Mumbai Indians, Punjab Kings, Royal Challengers Bangalore, Sunrisers Hyderabad",150,238,6,42,9.52
AK Markram,24,"Chennai Super Kings, Delhi Capitals, Gujarat Titans, Kolkata Knight Riders, Lucknow Super Giants, Mumbai Indians, Punjab Kings, Rajasthan Royals, Royal Challengers Bangalore, Sunrisers Hyderabad",223,357,6,55,9.61
Zeeshan Ansari,10,"Chennai Super Kings, Delhi Capitals, Gujarat Titans, Kolkata Knight Riders, Lucknow Super Giants, Mumbai Indians, Punjab Kings",203,333,6,47,9.84
Jaskaran Singh,7,"Chennai Super Kings, Kings XI Punjab, Kolkata Knight Riders, Mumbai Indians, Royal Challengers Bangalore",102,171,6,39,10.06
Fazalhaq Farooqi,12,"Gujarat Titans, Lucknow Super Giants, Mumbai Indians, Punjab Kings, Rajasthan Royals, Royal Challengers Bangalore, Royal Challengers Bengaluru, Sunrisers Hyderabad",254,437,6,80,10.32
V Sehwag,15,"Chennai Super Kings, Deccan Chargers, Kings XI Punjab, Kolkata Knight Riders, Mumbai Indians, Pune Warriors, Rajasthan Royals, Royal Challengers Bangalore",136,235,6,44,10.37
DG Nalkande,6,"Chennai Super Kings, Lucknow Super Giants, Punjab Kings, Sunrisers Hyderabad",84,148,6,22,10.57
S Dube,19,"Chennai Super Kings, Delhi Capitals, Gujarat Titans, Kings XI Punjab, Kolkata Knight Riders, Lucknow Super Giants, Mumbai Indians, Punjab Kings, Rajasthan Royals, Royal Challengers Bengaluru, Sunrisers Hyderabad",154,277,6,30,10.79
Ashok Sharma,6,"Delhi Capitals, Kolkata Knight Riders, Lucknow Super Giants, Mumbai Indians, Punjab Kings, Rajasthan Royals",126,228,6,48,10.86
K Khejroliya,9,"Chennai Super Kings, Delhi Capitals, Kings XI Punjab, Kolkata Knight Riders, Rajasthan Royals, Royal Challengers Bengaluru, Sunrisers Hyderabad",151,277,6,39,11.01
OF Smith,6,"Chennai Super Kings, Gujarat Titans, Kolkata Knight Riders, Mumbai Indians, Royal Challengers Bangalore, Sunrisers Hyderabad",90,178,6,35,11.87
W O'Rourke,3,"Gujarat Titans, Royal Challengers Bengaluru, Sunrisers Hyderabad",62,132,6,15,12.77
FH Edwards,6,"Chennai Super Kings, Delhi Daredevils, Kolkata Knight Riders, Mumbai Indians, Rajasthan Royals, Royal Challengers Bangalore",140,154,5,70,6.6
PD Collingwood,6,"Deccan Chargers, Kings XI Punjab, Kolkata Knight Riders, Mumbai Indians, Rajasthan Royals",89,101,5,24,6.81
KMDN Kulasekara,5,"Kings XI Punjab, Pune Warriors, Rajasthan Royals",102,120,5,45,7.06
Gurkeerat Singh,6,"Chennai Super Kings, Gujarat Lions, Kolkata Knight Riders, Rising Pune Supergiants, Sunrisers Hyderabad",78,97,5,26,7.46
Shoaib Akhtar,3,"Chennai Super Kings, Delhi Daredevils, Mumbai Indians",42,54,5,23,7.71
O Thomas,4,"Delhi Capitals, Kolkata Knight Riders, Royal Challengers Bangalore, Sunrisers Hyderabad",60,79,5,17,7.9
SB Wagh,8,"Chennai Super Kings, Deccan Chargers, Delhi Daredevils, Kings XI Punjab, Kochi Tuskers Kerala, Mumbai Indians",102,137,5,45,8.06
RV Gomez,9,"Chennai Super Kings, Deccan Chargers, Delhi Daredevils, Kings XI Punjab, Kolkata Knight Riders, Mumbai Indians, Rajasthan Royals, Royal Challengers Bangalore",96,129,5,37,8.06
TM Dilshan,25,"Chennai Super Kings, Deccan Chargers, Delhi Daredevils, Kings XI Punjab, Kochi Tuskers Kerala, Kolkata Knight Riders, Mumbai Indians, Pune Warriors, Rajasthan Royals, Royal Challengers Bangalore, Sunrisers Hyderabad",271,366,5,79,8.1
SR Dubey,4,"Delhi Capitals, Gujarat Titans, Mumbai Indians, Royal Challengers Bengaluru",77,106,5,37,8.26
A Choudhary,5,"Gujarat Lions, Kings XI Punjab, Kolkata Knight Riders, Mumbai Indians, Sunrisers Hyderabad",101,144,5,42,8.55
Shoaib Ahmed,7,"Chennai Super Kings, Delhi Daredevils, Kings XI Punjab, Mumbai Indians, Rajasthan Royals",102,152,5,33,8.94
HR Shokeen,13,"Chennai Super Kings, Delhi Capitals, Kolkata Knight Riders, Lucknow Super Giants, Punjab Kings, Rajasthan Royals, Royal Challengers Bangalore, Sunrisers Hyderabad",204,314,5,78,9.24
Shashank Singh,8,"Chennai Super Kings, Kolkata Knight Riders, Lucknow Super Giants, Mumbai Indians, Royal Challengers Bengaluru, Sunrisers Hyderabad",90,140,5,21,9.33
M de Lange,5,"Chennai Super Kings, Delhi Daredevils, Pune Warriors",108,169,5,39,9.39
KL Nagarkoti,11,"Chennai Super Kings, Delhi Capitals, Kings XI Punjab, Mumbai Indians, Rajasthan Royals, Royal Challengers Bangalore, Sunrisers Hyderabad",180,285,5,50,9.5
S Ladda,9,"Chennai Super Kings, Deccan Chargers, Kings XI Punjab, Kochi Tuskers Kerala, Mumbai Indians, Rajasthan Royals",138,224,5,48,9.74
AP Dole,3,"Deccan Chargers, Kings XI Punjab, Mumbai Indians",66,112,5,20,10.18
R Shukla,7,"Chennai Super Kings, Delhi Daredevils, Kolkata Knight Riders, Rajasthan Royals, Royal Challengers Bangalore, Sunrisers Hyderabad",120,208,5,38,10.4
RJW Topley,6,"Lucknow Super Giants, Mumbai Indians, Punjab Kings, Rajasthan Royals, Sunrisers Hyderabad",120,222,5,44,11.1
S Narwal,6,"Chennai Super Kings, Deccan Chargers, Delhi Daredevils, Rajasthan Royals, Royal Challengers Bangalore",106,202,5,37,11.43
DJ Muthuswami,6,"Chennai Super Kings, Kings XI Punjab, Kolkata Knight Riders, Mumbai Indians, Royal Challengers Bangalore, Sunrisers Hyderabad",84,101,4,44,7.21
DP Vijaykumar,9,"Chennai Super Kings, Delhi Daredevils, Kings XI Punjab, Kolkata Knight Riders, Mumbai Indians, Rajasthan Royals, Royal Challengers Bangalore",152,199,4,63,7.86
D du Preez,2,"Mumbai Indians, Rajasthan Royals",42,56,4,18,8.0
WA Mota,7,"Chennai Super Kings, Deccan Chargers, Delhi Daredevils, Mumbai Indians, Rajasthan Royals",72,97,4,24,8.08
Parvez Rasool,11,"Chennai Super Kings, Delhi Daredevils, Kolkata Knight Riders, Mumbai Indians, Rising Pune Supergiants, Royal Challengers Bangalore, Sunrisers Hyderabad",198,271,4,60,8.21
S Dhawan,6,"Delhi Daredevils, Kings XI Punjab, Kolkata Knight Riders, Pune Warriors, Royal Challengers Bangalore",48,66,4,17,8.25
Shivam Sharma,5,"Delhi Daredevils, Mumbai Indians, Rajasthan Royals, Royal Challengers Bangalore, Sunrisers Hyderabad",114,165,4,37,8.68
SB Bangar,9,"Chennai Super Kings, Delhi Daredevils, Kings XI Punjab, Kolkata Knight Riders, Mumbai Indians, Rajasthan Royals, Royal Challengers Bangalore",150,219,4,55,8.76
V Kohli,26,"Chennai Super Kings, Deccan Chargers, Delhi Daredevils, Gujarat Lions, Kings XI Punjab, Kochi Tuskers Kerala, Kolkata Knight Riders, Mumbai Indians, Rajasthan Royals",251,368,4,52,8.8
LE Plunkett,7,"Chennai Super Kings, Kings XI Punjab, Kolkata Knight Riders, Mumbai Indians, Rajasthan Royals, Sunrisers Hyderabad",150,225,4,39,9.0
M Tiwari,4,"Kolkata Knight Riders, Punjab Kings, Rajasthan Royals",66,101,4,19,9.18
A Badoni,8,"Gujarat Titans, Mumbai Indians, Punjab Kings, Rajasthan Royals, Royal Challengers Bengaluru, Sunrisers Hyderabad",41,63,4,8,9.22
Gurjapneet Singh,8,"Delhi Capitals, Gujarat Titans, Kolkata Knight Riders, Lucknow Super Giants, Mumbai Indians, Sunrisers Hyderabad",151,233,4,46,9.26
Arjun Tendulkar,6,"Gujarat Titans, Kolkata Knight Riders, Lucknow Super Giants, Punjab Kings, Sunrisers Hyderabad",97,150,4,36,9.28
B Muzarabani,2,"Mumbai Indians, Sunrisers Hyderabad",42,75,4,12,10.71
Y Nagar,8,"Deccan Chargers, Kings XI Punjab, Kochi Tuskers Kerala, Pune Warriors, Royal Challengers Bangalore",66,125,4,16,11.36
T Stubbs,5,"Chennai Super Kings, Gujarat Titans, Lucknow Super Giants, Rajasthan Royals",36,69,4,12,11.5
MJ Henry,9,"Chennai Super Kings, Kolkata Knight Riders, Mumbai Indians, Punjab Kings, Rajasthan Royals, Royal Challengers Bengaluru",162,311,4,40,11.52
DJ Thornely,4,"Chennai Super Kings, Deccan Chargers, Delhi Daredevils, Kolkata Knight Riders",42,40,3,19,5.71
JW Hastings,3,"Delhi Daredevils, Mumbai Indians, Sunrisers Hyderabad",58,66,3,31,6.83
SM Harwood,3,"Chennai Super Kings, Deccan Chargers, Kings XI Punjab",60,73,3,33,7.3
JM Kemp,5,"Deccan Chargers, Delhi Daredevils, Kings XI Punjab, Kolkata Knight Riders",44,54,3,15,7.36
AL Menaria,12,"Chennai Super Kings, Deccan Chargers, Delhi Daredevils, Kings XI Punjab, Kolkata Knight Riders, Mumbai Indians, Pune Warriors, Royal Challengers Bangalore",110,144,3,40,7.85
DAJ Bracewell,1,Royal Challengers Bangalore,24,32,3,10,8.0
P Sahu,5,"Delhi Daredevils, Gujarat Lions, Kolkata Knight Riders, Mumbai Indians, Rising Pune Supergiants",105,146,3,24,8.34
RJ Peterson,4,"Chennai Super Kings, Deccan Chargers, Delhi Daredevils, Kings XI Punjab",48,70,3,21,8.75
GHS Garton,5,"Delhi Capitals, Kolkata Knight Riders, Punjab Kings, Rajasthan Royals, Sunrisers Hyderabad",90,135,3,31,9.0
T Shamsi,5,"Delhi Capitals, Gujarat Lions, Kolkata Knight Riders, Rising Pune Supergiants, Sunrisers Hyderabad",120,181,3,28,9.05
RS Hangargekar,2,"Gujarat Titans, Lucknow Super Giants",36,60,3,14,10.0
R Sathish,14,"Chennai Super Kings, Deccan Chargers, Kings XI Punjab, Kochi Tuskers Kerala, Kolkata Knight Riders, Mumbai Indians, Rajasthan Royals, Rising Pune Supergiants, Sunrisers Hyderabad",139,232,3,30,10.01
Sikandar Raza,7,"Chennai Super Kings, Delhi Capitals, Gujarat Titans, Kolkata Knight Riders, Lucknow Super Giants, Rajasthan Royals",84,141,3,21,10.07
Gagandeep Singh,4,"Deccan Chargers, Kolkata Knight Riders, Royal Challengers Bangalore",84,141,3,25,10.07
JA Richardson,4,"Chennai Super Kings, Delhi Capitals, Mumbai Indians, Rajasthan Royals",90,157,3,30,10.47
VR Iyer,9,"Chennai Super Kings, Delhi Capitals, Mumbai Indians, Punjab Kings, Royal Challengers Bangalore",81,143,3,15,10.59
L Ablish,3,"Delhi Daredevils, Mumbai Indians, Royal Challengers Bangalore",42,75,3,10,10.71
JJ van der Wath,3,"Chennai Super Kings, Deccan Chargers, Kings XI Punjab",72,129,3,29,10.75
R Ninan,2,"Chennai Super Kings, Deccan Chargers",36,65,3,8,10.83
TM Head,7,"Delhi Daredevils, Gujarat Lions, Kolkata Knight Riders, Royal Challengers Bengaluru, Sunrisers Hyderabad",64,120,3,10,11.25
K Santokie,2,"Kings XI Punjab, Rajasthan Royals",48,90,3,15,11.25
Abhinandan Singh,3,"Chennai Super Kings, Rajasthan Royals, Sunrisers Hyderabad",58,122,3,15,12.62
Sachin Baby,2,"Gujarat Lions, Kings XI Punjab",10,8,2,5,4.8
MJ Clarke,5,"Kolkata Knight Riders, Mumbai Indians, Rajasthan Royals, Royal Challengers Bangalore",66,67,2,22,6.09
PH Solanki,2,"Gujarat Titans, Rajasthan Royals",36,38,2,11,6.33
KA Maharaj,2,"Gujarat Titans, Punjab Kings",36,39,2,11,6.5
Mohammad Hafeez,4,"Chennai Super Kings, Deccan Chargers, Kings XI Punjab, Mumbai Indians",60,68,2,22,6.8
C Nanda,3,"Chennai Super Kings, Rajasthan Royals, Royal Challengers Bangalore",48,57,2,13,7.12
RN ten Doeschate,10,"Deccan Chargers, Kings XI Punjab, Pune Warriors, Rajasthan Royals, Royal Challengers Bangalore, Sunrisers Hyderabad",78,94,2,22,7.23
SM Boland,2,"Delhi Daredevils, Mumbai Indians",42,54,2,14,7.71
Ankit Soni,6,"Delhi Daredevils, Kings XI Punjab, Mumbai Indians, Rising Pune Supergiant, Royal Challengers Bangalore, Sunrisers Hyderabad",109,144,2,37,7.93
GD Phillips,4,"Chennai Super Kings, Kolkata Knight Riders, Lucknow Super Giants, Royal Challengers Bangalore",30,40,2,10,8.0
ND Doshi,4,"Chennai Super Kings, Deccan Chargers, Kochi Tuskers Kerala, Kolkata Knight Riders",56,79,2,24,8.46
P Dubey,5,"Delhi Capitals, Mumbai Indians, Punjab Kings, Sunrisers Hyderabad",78,111,2,23,8.54
PHKD Mendis,4,"Chennai Super Kings, Gujarat Titans, Kolkata Knight Riders",42,60,2,11,8.57
SC Kuggeleijn,2,"Kings XI Punjab, Kolkata Knight Riders",48,71,2,17,8.88
Mayank Dagar,8,"Chennai Super Kings, Kolkata Knight Riders, Lucknow Super Giants, Mumbai Indians, Punjab Kings, Rajasthan Royals, Royal Challengers Bangalore",137,203,2,43,8.89
V Kaverappa,1,Royal Challengers Bengaluru,24,36,2,11,9.0
DNT Zoysa,3,"Kings XI Punjab, Mumbai Indians",66,99,2,24,9.0
FA Allen,4,"Kolkata Knight Riders, Lucknow Super Giants, Mumbai Indians, Sunrisers Hyderabad",90,136,2,26,9.07
AU Rashid,3,"Lucknow Super Giants, Rajasthan Royals",60,91,2,20,9.1
K Yadav,3,"Chennai Super Kings, Mumbai Indians, Sunrisers Hyderabad",54,84,2,13,9.33
P Suyal,5,"Chennai Super Kings, Kings XI Punjab, Rajasthan Royals, Royal Challengers Bangalore",96,151,2,36,9.44
A Flintoff,3,"Delhi Daredevils, Mumbai Indians, Royal Challengers Bangalore",66,105,2,20,9.55
RJ Gleeson,3,"Gujarat Titans, Punjab Kings",68,110,2,24,9.71
SD Chitnis,2,"Deccan Chargers, Kings XI Punjab",36,60,2,9,10.0
Shoaib Malik,5,"Chennai Super Kings, Kings XI Punjab, Mumbai Indians, Royal Challengers Bangalore",51,85,2,15,10.0
MA Khote,2,"Chennai Super Kings, Kings XI Punjab",30,51,2,5,10.2
LJ Wright,6,"Chennai Super Kings, Delhi Daredevils, Kings XI Punjab, Kolkata Knight Riders, Royal Challengers Bangalore",71,124,2,14,10.48
SS Mishra,2,"Lucknow Super Giants, Sunrisers Hyderabad",38,67,2,15,10.58
D Kalyankrishna,3,"Kings XI Punjab, Mumbai Indians, Rajasthan Royals",48,87,2,10,10.88
A Uniyal,2,"Delhi Daredevils, Mumbai Indians",36,66,2,8,11.0
KJ Abbott,5,"Kolkata Knight Riders, Rising Pune Supergiants, Royal Challengers Bangalore, Sunrisers Hyderabad",96,177,2,28,11.06
MJ Suthar,4,"Chennai Super Kings, Punjab Kings, Royal Challengers Bengaluru",48,94,2,17,11.75
RA Bawa,2,"Punjab Kings, Royal Challengers Bengaluru",24,50,2,7,12.5
JPR Scantlebury-Searles,3,"Kings XI Punjab, Rajasthan Royals, Sunrisers Hyderabad",42,89,2,7,12.71
KT Maphaka,4,"Chennai Super Kings, Punjab Kings, Rajasthan Royals, Sunrisers Hyderabad",66,143,2,22,13.0
Abdul Samad,7,"Chennai Super Kings, Delhi Capitals, Kings XI Punjab, Lucknow Super Giants, Mumbai Indians, Punjab Kings",57,125,2,12,13.16
DA Payne,2,"Kolkata Knight Riders, Royal Challengers Bengaluru",30,70,2,5,14.0
AC Gilchrist,1,Mumbai Indians,1,0,1,1,0.0
NB Singh,2,"Kings XI Punjab, Royal Challengers Bangalore",24,15,1,13,3.75
AM Rahane,1,Kings XI Punjab,6,5,1,2,5.0
LA Carseldine,1,Royal Challengers Bangalore,6,6,1,4,6.0
SS Mundhe,1,Delhi Daredevils,6,6,1,4,6.0
DJM Short,2,"Royal Challengers Bangalore, Sunrisers Hyderabad",18,19,1,7,6.33
T Henderson,2,"Kolkata Knight Riders, Royal Challengers Bangalore",36,40,1,14,6.67
GH Vihari,6,"Kings XI Punjab, Kolkata Knight Riders, Royal Challengers Bangalore",42,47,1,17,6.71
GR Napier,1,Kolkata Knight Riders,24,27,1,8,6.75
BMAJ Mendis,2,"Mumbai Indians, Sunrisers Hyderabad",30,36,1,11,7.2
RS Ghosh,1,Mumbai Indians,18,24,1,6,8.0
SS Sarkar,2,"Delhi Daredevils, Rajasthan Royals",25,34,1,4,8.16
PM Sarvesh Kumar,2,"Chennai Super Kings, Delhi Daredevils",30,42,1,11,8.4
MK Lomror,11,"Delhi Capitals, Gujarat Titans, Kings XI Punjab, Lucknow Super Giants, Punjab Kings, Royal Challengers Bangalore, Sunrisers Hyderabad",90,127,1,22,8.47
SSB Magala,2,"Mumbai Indians, Rajasthan Royals",36,51,1,5,8.5
CJ McKay,2,"Delhi Daredevils, Kings XI Punjab",42,60,1,14,8.57
V Viyaskanth,3,"Kolkata Knight Riders, Lucknow Super Giants, Punjab Kings",60,86,1,16,8.6
SE Rutherford,6,"Chennai Super Kings, Kings XI Punjab, Rajasthan Royals, Royal Challengers Bangalore, Sunrisers Hyderabad",41,59,1,7,8.63
Raghu Sharma,5,"Chennai Super Kings, Kolkata Knight Riders, Lucknow Super Giants, Punjab Kings, Rajasthan Royals",90,130,1,23,8.67
GF Linde,3,"Gujarat Titans, Kolkata Knight Riders, Royal Challengers Bengaluru",37,55,1,10,8.92
SB Joshi,4,"Delhi Daredevils, Kolkata Knight Riders, Mumbai Indians, Rajasthan Royals",55,82,1,18,8.95
D Madushanka,1,Delhi Capitals,24,36,1,8,9.0
AA Jhunjhunwala,10,"Chennai Super Kings, Deccan Chargers, Delhi Daredevils, Kings XI Punjab, Mumbai Indians",85,129,1,27,9.11
M Shahrukh Khan,3,"Chennai Super Kings, Delhi Capitals, Punjab Kings",18,28,1,4,9.33
DB Ravi Teja,2,"Kolkata Knight Riders, Royal Challengers Bangalore",18,28,1,4,9.33
AJ Finch,5,"Chennai Super Kings, Kolkata Knight Riders, Mumbai Indians, Royal Challengers Bangalore",43,67,1,13,9.35
IC Porel,1,Rajasthan Royals,24,39,1,7,9.75
D Salunkhe,5,"Chennai Super Kings, Deccan Chargers, Delhi Daredevils, Kings XI Punjab",47,78,1,13,9.96
MD Shanaka,3,"Delhi Capitals, Lucknow Super Giants, Mumbai Indians",36,60,1,7,10.0
AA Noffke,1,Kolkata Knight Riders,24,40,1,6,10.0
RG More,2,"Kolkata Knight Riders, Sunrisers Hyderabad",35,59,1,4,10.11
GS Sandhu,2,"Chennai Super Kings, Rajasthan Royals",48,82,1,9,10.25
A Nel,1,Delhi Daredevils,18,31,1,7,10.33
SS Agarwal,1,Kings XI Punjab,24,42,1,7,10.5
LI Meriwala,1,Punjab Kings,18,32,1,6,10.67
S Vidyut,1,Rajasthan Royals,12,22,1,5,11.0
LMP Simmons,1,Kolkata Knight Riders,18,34,1,2,11.33
B Geeves,2,"Mumbai Indians, Rajasthan Royals",48,91,1,15,11.38
Y Prithvi Raj,2,"Rajasthan Royals, Sunrisers Hyderabad",30,57,1,8,11.4
SA Abbott,3,"Delhi Capitals, Kolkata Knight Riders, Sunrisers Hyderabad",54,104,1,13,11.56
TP Sudhindra,3,"Chennai Super Kings, Delhi Daredevils, Kings XI Punjab",70,136,1,18,11.66
R Powell,2,"Kolkata Knight Riders, Rajasthan Royals",18,35,1,4,11.67
MK Tiwary,6,"Chennai Super Kings, Kings XI Punjab, Mumbai Indians, Rajasthan Royals, Royal Challengers Bangalore, Sunrisers Hyderabad",42,83,1,9,11.86
LB Williams,2,"Kolkata Knight Riders, Mumbai Indians",36,72,1,12,12.0
DJ Mitchell,4,"Gujarat Titans, Mumbai Indians, Royal Challengers Bangalore",48,97,1,5,12.12
CL White,6,"Delhi Daredevils, Kolkata Knight Riders, Mumbai Indians, Pune Warriors, Royal Challengers Bangalore",42,86,1,8,12.29
BJ Dwarshuis,1,Delhi Capitals,24,51,1,6,12.75
D Jansen,1,Kolkata Knight Riders,24,53,1,6,13.25
PVSN Raju,2,"Chennai Super Kings, Gujarat Titans",24,53,1,3,13.25
Musheer Khan,1,Royal Challengers Bengaluru,12,27,1,1,13.5
D Ferreira,3,"Delhi Capitals, Gujarat Titans, Sunrisers Hyderabad",18,41,1,2,13.67
L Wood,2,"Delhi Capitals, Gujarat Titans",36,93,1,8,15.5
D Brevis,1,Royal Challengers Bangalore,3,8,1,1,16.0
R Ravindra,2,"Kolkata Knight Riders, Sunrisers Hyderabad",12,7,0,5,3.5
M Manhas,3,"Deccan Chargers, Kings XI Punjab, Royal Challengers Bangalore",42,42,0,15,6.0
NJ Rimmington,1,Pune Warriors,18,19,0,9,6.33
S Rana,3,"Chennai Super Kings, Kolkata Knight Riders",16,18,0,5,6.75
NL McCullum,2,"Chennai Super Kings, Rajasthan Royals",30,34,0,10,6.8
SS Iyer,1,Delhi Capitals,6,7,0,4,7.0
JE Root,1,Kolkata Knight Riders,12,14,0,1,7.0
Y Gnaneswara Rao,1,Rajasthan Royals,6,7,0,3,7.0
RV Patel,1,Royal Challengers Bangalore,18,22,0,5,7.33
C Munro,2,"Delhi Daredevils, Sunrisers Hyderabad",12,15,0,5,7.5
Tilak Varma,4,"Delhi Capitals, Kolkata Knight Riders, Lucknow Super Giants, Rajasthan Royals",22,28,0,8,7.64
N Wadhera,2,"Lucknow Super Giants, Royal Challengers Bengaluru",17,22,0,3,7.76
RS Gavaskar,1,Royal Challengers Bangalore,6,8,0,2,8.0
SA Yadav,1,Delhi Daredevils,6,8,0,2,8.0
M Vijay,4,"Chennai Super Kings, Mumbai Indians, Sunrisers Hyderabad",36,49,0,8,8.17
R Goyal,1,Chennai Super Kings,24,33,0,6,8.25
KR Mayers,6,"Chennai Super Kings, Delhi Capitals, Gujarat Titans, Punjab Kings, Sunrisers Hyderabad",42,59,0,14,8.43
AC Voges,7,"Chennai Super Kings, Deccan Chargers, Delhi Daredevils, Kings XI Punjab, Kolkata Knight Riders, Royal Challengers Bangalore",54,76,0,15,8.44
K Goel,6,"Chennai Super Kings, Mumbai Indians, Rajasthan Royals",66,93,0,19,8.45
CJ Green,1,Mumbai Indians,17,24,0,6,8.47
DJ Harris,2,"Chennai Super Kings, Kings XI Punjab",18,26,0,4,8.67
Naman Dhir,5,"Chennai Super Kings, Gujarat Titans, Kolkata Knight Riders, Lucknow Super Giants",52,76,0,11,8.77
AS Raut,5,"Deccan Chargers, Delhi Daredevils, Kings XI Punjab, Royal Challengers Bangalore",30,44,0,6,8.8
MW Short,5,"Gujarat Titans, Lucknow Super Giants, Mumbai Indians, Rajasthan Royals, Sunrisers Hyderabad",43,64,0,16,8.93
Jalaj S Saxena,1,Delhi Capitals,18,27,0,5,9.0
K Upadhyay,3,"Kolkata Knight Riders, Rajasthan Royals, Royal Challengers Bangalore",54,81,0,20,9.0
Tejas Baroka,1,Sunrisers Hyderabad,21,33,0,6,9.43
SR Tendulkar,4,"Delhi Daredevils, Kings XI Punjab, Kolkata Knight Riders, Royal Challengers Bangalore",36,58,0,4,9.67
AUK Pathan,3,"Kings XI Punjab, Kochi Tuskers Kerala, Mumbai Indians",39,63,0,9,9.69
Monu Kumar,1,Royal Challengers Bangalore,12,20,0,4,10.0
KAJ Roach,2,"Kolkata Knight Riders, Mumbai Indians",48,80,0,20,10.0
FY Fazal,2,"Kings XI Punjab, Kolkata Knight Riders",12,20,0,1,10.0
KS Williamson,2,"Kolkata Knight Riders, Mumbai Indians",18,31,0,2,10.33
Krish Bhagat,3,"Chennai Super Kings, Gujarat Titans",36,63,0,15,10.5
AA Kazi,1,Rajasthan Royals,12,21,0,2,10.5
RA Shaikh,1,Delhi Daredevils,6,11,0,1,11.0
MB Parmar,1,Deccan Chargers,18,33,0,4,11.0
RW Price,1,Kolkata Knight Riders,18,33,0,1,11.0
CJ Dala,1,Royal Challengers Bangalore,18,34,0,7,11.33
H Sharma,2,"Gujarat Titans, Rajasthan Royals",30,57,0,2,11.4
Sumit Kumar,2,"Kolkata Knight Riders, Punjab Kings",20,38,0,4,11.4
SZ Mulani,2,"Gujarat Titans, Sunrisers Hyderabad",30,57,0,7,11.4
Auqib Nabi,5,"Chennai Super Kings, Kolkata Knight Riders, Punjab Kings, Royal Challengers Bengaluru",78,149,0,24,11.46
R Sanjay Yadav,1,Sunrisers Hyderabad,12,23,0,6,11.5
A Dananjaya,1,Delhi Daredevils,24,47,0,6,11.75
S Joseph,1,Kolkata Knight Riders,24,47,0,9,11.75
VS Yeligati,2,"Chennai Super Kings, Kings XI Punjab",30,59,0,6,11.8
RA Tripathi,1,Kolkata Knight Riders,6,12,0,0,12.0
DA Warner,1,Delhi Capitals,1,2,0,0,12.0
Arshad Khan (2),1,Kolkata Knight Riders,12,24,0,4,12.0
Gulbadin Naib,1,Lucknow Super Giants,6,12,0,1,12.0
LRPL Taylor,2,"Chennai Super Kings, Royal Challengers Bangalore",12,24,0,0,12.0
RR Bose,1,Royal Challengers Bangalore,12,24,0,5,12.0
BJ Rohrer,1,Rajasthan Royals,6,12,0,1,12.0
Vivrant Sharma,2,"Mumbai Indians, Rajasthan Royals",18,37,0,5,12.33
PR Veer,1,Mumbai Indians,12,25,0,5,12.5
Mandeep Singh,2,"Kolkata Knight Riders, Rajasthan Royals",12,26,0,1,13.0
Aman Hakim Khan,1,Sunrisers Hyderabad,6,13,0,1,13.0
C Ganapathy,1,Royal Challengers Bangalore,6,13,0,1,13.0
Suryansh Shedge,1,Chennai Super Kings,18,40,0,1,13.33
S Midhun,1,Kolkata Knight Riders,12,27,0,3,13.5
P Ray Barman,1,Sunrisers Hyderabad,24,56,0,2,14.0
Gurnoor Brar,1,Lucknow Super Giants,18,42,0,7,14.0
Mohit Rathee,1,Sunrisers Hyderabad,12,29,0,3,14.5
T Vijay,1,Rajasthan Royals,12,29,0,2,14.5
Abdur Razzak,1,Rajasthan Royals,12,29,0,5,14.5
Mashrafe Mortaza,1,Deccan Chargers,24,58,0,6,14.5
SPD Smith,1,Rajasthan Royals,2,5,0,0,15.0
MG Neser,1,Royal Challengers Bangalore,24,62,0,5,15.5
Sunny Gupta,1,Chennai Super Kings,18,47,0,0,15.67
PWA Mulder,1,Delhi Capitals,6,16,0,1,16.0
F du Plessis,1,Deccan Chargers,6,16,0,0,16.0
S Sriram,2,"Kings XI Punjab, Kolkata Knight Riders",18,49,0,2,16.33
NA Saini,1,Sunrisers Hyderabad,12,34,0,2,17.0
CK Kapugedera,3,"Delhi Daredevils, Kings XI Punjab, Mumbai Indians",17,49,0,0,17.29
RR Bhatkal,1,Chennai Super Kings,12,35,0,0,17.5
SN Khan,1,Royal Challengers Bangalore,2,6,0,0,18.0
TH David,1,Rajasthan Royals,6,18,0,1,18.0
P Prasanth,1,Rajasthan Royals,6,18,0,3,18.0
B Chipli,1,Delhi Daredevils,6,20,0,1,20.0
LPC Silva,1,Royal Challengers Bangalore,6,21,0,0,21.0
I Malhotra,1,Delhi Daredevils,6,23,0,0,23.0
Atharva Taide,1,Sunrisers Hyderabad,1,4,0,0,24.0
Ishan Kishan,1,Lucknow Super Giants,1,4,0,0,24.0
Karim Janat,1,Rajasthan Royals,6,30,0,0,30.0
YBK Jaiswal,1,Royal Challengers Bangalore,1,6,0,0,36.0
