player,runs_2026,balls_2026,strike_rate_2026,fours_2026,sixes_2026,wickets_2026,bowling_runs_2026,bowling_balls_2026,economy_2026,dot_balls_2026
FH Allen,349,163,214.11,33,28,0,0,0,0.0,0
AM Rahane,335,248,135.08,25,18,0,0,0,0.0,0
RG Sharma,283,180,157.22,21,21,0,0,0,0.0,0
R Minz,6,4,150.0,1,0,0,0,0,0.0,0
H Klaasen,624,390,160.0,48,31,0,0,0,0.0,0
WG Jacks,139,76,182.89,12,9,2,94,53,10.64,20
Abdul Samad,116,88,131.82,10,5,0,6,1,36.0,0
T Dahiya,12,15,80.0,2,0,0,0,0,0.0,0
D Madushanka,0,0,0.0,0,0,1,36,24,9.0,8
T Vijay,0,0,0.0,0,0,0,29,12,14.5,2
SA Yadav,270,183,147.54,28,10,0,0,0,0.0,0
V Nigam,15,10,150.0,2,0,2,113,54,12.56,13
JG Bethell,96,77,124.68,12,3,0,0,0,0.0,0
N Sindhu,63,50,126.0,7,2,0,0,0,0.0,0
R Sai Kishore,0,0,0.0,0,0,1,46,24,11.5,6
PD Salt,202,120,168.33,16,11,0,0,0,0.0,0
JO Holder,65,52,125.0,3,3,17,290,230,7.57,92
PVD Chameera,0,3,0.0,0,0,0,18,12,9.0,5
RD Chahar,0,0,0.0,0,0,0,46,24,11.5,4
VG Arora,1,3,33.33,0,0,11,390,228,10.26,69
KK Ahmed,0,0,0.0,0,0,2,146,101,8.67,40
Rashid Khan,50,41,121.95,4,2,21,516,341,9.08,109
R Powell,190,141,134.75,16,10,0,0,0,0.0,0
AA Kulkarni,17,25,68.0,1,0,0,0,0,0.0,0
GD Phillips,67,54,124.07,4,2,0,0,0,0.0,0
Shivang Kumar,53,46,115.22,6,1,9,375,234,9.62,62
Tilak Varma,359,246,145.93,30,17,0,0,0,0.0,0
KL Rahul,593,340,174.41,56,31,0,0,0,0.0,0
DV Malewar,2,5,40.0,0,0,0,0,0,0.0,0
JC Archer,64,47,136.17,4,4,25,559,360,9.32,154
TU Deshpande,26,14,185.71,0,3,4,275,138,11.96,36
DA Payne,6,5,120.0,0,0,2,70,30,14.0,5
MK Pandey,70,49,142.86,8,2,0,0,0,0.0,0
Kuldeep Yadav,9,21,42.86,0,0,10,381,222,10.3,58
SS Iyer,498,295,168.81,39,30,0,0,0,0.0,0
AS Roy,52,39,133.33,3,2,9,261,163,9.61,50
Yash Raj Punja,0,0,0.0,0,0,9,279,180,9.3,47
C Bosch,50,31,161.29,5,2,12,195,121,9.67,44
DS Rathi,2,5,40.0,0,0,5,397,234,10.18,54
Rasikh Salam,3,2,150.0,0,0,19,405,257,9.46,82
Mukesh Choudhary,2,2,100.0,0,0,8,249,168,8.89,67
Noor Ahmad,11,23,47.83,0,1,13,428,306,8.39,85
N Pooran,234,184,127.17,11,19,0,0,0,0.0,0
Vijaykumar Vyshak,2,4,50.0,0,0,9,330,186,10.65,48
M Jansen,51,45,113.33,1,3,9,483,284,10.2,80
SP Narine,40,32,125.0,2,4,17,340,309,6.6,133
Aniket Verma,79,54,146.3,6,5,0,0,0,0.0,0
AM Ghazanfar,2,3,66.67,0,0,15,389,233,10.02,69
Azmatullah Omarzai,52,27,192.59,3,5,3,103,66,9.36,23
Kartik Sharma,295,216,136.57,24,16,0,0,0,0.0,0
PJ Cummins,30,19,157.89,1,3,8,307,192,9.59,67
E Malinga,7,17,41.18,0,0,20,507,326,9.33,114
Mukesh Kumar,0,0,0.0,0,0,6,353,188,11.27,61
MR Marsh,563,345,163.19,51,36,0,0,0,0.0,0
HV Patel,10,9,111.11,2,0,0,148,82,10.83,15
AF Milne,2,2,100.0,0,0,0,41,20,12.3,2
Arjun Tendulkar,5,5,100.0,0,0,1,36,24,9.0,6
MJ Henry,7,10,70.0,1,0,2,130,60,13.0,9
J Overton,136,86,158.14,13,6,14,249,168,8.89,55
C Green,322,221,145.7,22,17,7,234,132,10.64,43
PP Hinge,3,9,33.33,0,0,14,305,156,11.73,60
R Parag,309,196,157.65,24,21,2,38,24,9.5,5
M Shahrukh Khan,43,33,130.3,3,2,0,0,0,0.0,0
AK Markram,231,168,137.5,20,11,0,83,36,13.83,8
Abhinandan Singh,0,0,0.0,0,0,3,122,58,12.62,15
JA Duffy,0,0,0.0,0,0,9,263,144,10.96,54
A Raghuvanshi,422,288,146.53,40,19,0,0,0,0.0,0
MD Shanaka,63,46,136.96,3,4,1,60,36,10.0,7
Harpreet Brar,5,3,166.67,1,0,2,60,48,7.5,16
Shashank Singh,132,70,188.57,11,8,4,88,60,8.8,16
Ashutosh Sharma,171,94,181.91,15,12,0,0,0,0.0,0
Navdeep Saini,0,0,0.0,0,0,0,37,18,12.33,5
Abhishek Sharma,563,275,204.73,50,43,0,49,29,10.14,6
JR Hazlewood,0,1,0.0,0,0,15,494,309,9.59,118
N Rana,225,149,151.01,27,10,0,55,24,13.75,7
SS Mishra,1,3,33.33,0,0,2,67,38,10.58,15
TL Seifert,19,18,105.56,2,1,0,0,0,0.0,0
P Simran Singh,510,302,168.87,55,23,0,0,0,0.0,0
Ishan Kishan,602,330,182.42,60,32,0,0,0,0.0,0
CV Varun,5,6,83.33,1,0,11,360,246,8.78,77
KK Nair,18,18,100.0,3,0,0,0,0,0.0,0
Mohammed Siraj,5,16,31.25,1,0,19,562,372,9.06,164
N Burger,14,9,155.56,0,1,14,440,261,10.11,100
Akshat Raghuwanshi,29,25,116.0,1,1,0,0,0,0.0,0
Gurjapneet Singh,0,0,0.0,0,0,4,233,151,9.26,46
BJ Dwarshuis,0,0,0.0,0,0,1,51,24,12.75,6
Suyash Sharma,0,0,0.0,0,0,9,376,245,9.21,71
SH Johnson,0,1,0.0,0,0,2,112,66,10.18,26
RA Jadeja,266,197,135.03,24,5,10,277,198,8.39,50
Ashwani Kumar,1,6,16.67,0,0,6,102,60,10.2,22
Dhruv Jurel,515,333,154.65,47,24,0,0,0,0.0,0
A Kamboj,58,38,152.63,3,4,21,530,302,10.53,112
SN Khan,161,95,169.47,23,6,0,0,0,0.0,0
JD Unadkat,4,3,133.33,0,0,4,140,77,10.91,21
V Kohli,675,407,165.85,73,25,0,0,0,0.0,0
N Wadhera,65,57,114.04,4,4,0,0,0,0.0,0
V Suryavanshi,776,327,237.31,63,72,0,0,0,0.0,0
Akash Singh,0,0,0.0,0,0,4,80,42,11.43,18
Naman Dhir,318,216,147.22,31,13,0,0,0,0.0,0
DL Chahar,25,19,131.58,3,1,8,265,153,10.39,57
A Badoni,215,141,152.48,23,9,0,14,6,14.0,0
Sameer Rizvi,252,171,147.37,15,17,0,0,0,0.0,0
Prince Yadav,0,1,0.0,0,0,16,463,313,8.88,114
Yash Thakur,0,0,0.0,0,0,2,55,24,13.75,8
A Mhatre,201,113,177.88,20,12,0,0,0,0.0,0
Arshad Khan,23,11,209.09,1,2,6,172,104,9.92,43
A Nortje,0,1,0.0,0,0,0,39,24,9.75,7
Urvil Patel,129,64,201.56,6,14,0,0,0,0.0,0
RS Ghosh,0,0,0.0,0,0,1,24,18,8.0,6
Shubman Gill,732,449,163.03,74,33,0,0,0,0.0,0
D Brevis,151,118,127.97,8,10,0,0,0,0.0,0
Avesh Khan,6,6,100.0,1,0,6,273,148,11.07,42
SE Rutherford,123,75,164.0,5,12,0,0,0,0.0,0
YS Chahal,0,0,0.0,0,0,12,385,246,9.39,53
Ravi Bishnoi,0,3,0.0,0,0,11,257,156,9.88,40
RM Patidar,501,260,192.69,30,42,0,0,0,0.0,0
JP Inglis,266,143,186.01,32,12,0,0,0,0.0,0
B Sai Sudharsan,722,457,157.99,75,30,0,0,0,0.0,0
SO Hetmyer,78,69,113.04,5,3,0,0,0,0.0,0
Kumar Kushagra,18,14,128.57,3,0,0,0,0,0.0,0
Q de Kock,132,81,162.96,9,9,0,0,0,0.0,0
Nithish Kumar Reddy,302,176,171.59,19,21,8,323,186,10.42,54
S Arora,121,77,157.14,9,9,0,0,0,0.0,0
Brijesh Sharma,2,4,50.0,0,0,14,450,273,9.89,84
RK Singh,299,199,150.25,28,11,0,0,0,0.0,0
B Muzarabani,0,0,0.0,0,0,4,75,42,10.71,12
M Tiwari,18,8,225.0,2,1,4,87,60,8.7,19
MD Choudhary,170,120,141.67,11,12,0,0,0,0.0,0
K Khejroliya,0,0,0.0,0,0,0,31,12,15.5,3
Mohammed Shami,31,22,140.91,2,3,12,459,306,9.0,127
B Kumar,34,26,130.77,3,1,28,501,378,7.95,149
P Nissanka,278,175,158.86,33,12,0,0,0,0.0,0
VR Iyer,209,112,186.61,21,13,0,0,0,0.0,0
M Prasidh Krishna,6,7,85.71,1,0,16,407,234,10.44,78
D Padikkal,464,275,168.73,49,24,0,0,0,0.0,0
LH Ferguson,0,0,0.0,0,0,1,141,66,12.82,20
MJ Santner,26,19,136.84,3,0,5,125,84,8.93,31
SU Parakh,46,33,139.39,5,2,0,0,0,0.0,0
TH David,305,162,188.27,22,23,0,18,6,18.0,1
AJ Hosein,5,3,166.67,0,0,8,198,148,8.03,58
RA Bawa,16,14,114.29,1,0,2,50,24,12.5,7
Priyansh Arya,364,172,211.63,27,32,0,0,0,0.0,0
Sakib Hussain,5,7,71.43,1,0,15,397,252,9.45,86
D Ferreira,317,177,179.1,26,23,1,41,18,13.67,2
TA Boult,8,4,200.0,0,1,2,188,97,11.63,25
T Stubbs,275,216,127.31,18,9,0,0,0,0.0,0
Kartik Tyagi,11,10,110.0,1,1,18,498,306,9.76,107
KH Pandya,226,155,145.81,20,11,14,425,303,8.42,86
SB Dubey,81,58,139.66,8,3,0,0,0,0.0,0
XC Bartlett,29,13,223.08,2,2,5,388,201,11.58,54
SR Dubey,4,2,200.0,1,0,5,106,77,8.26,37
S Dube,270,170,158.82,24,15,1,64,30,12.8,6
TM Head,410,241,170.12,46,23,1,7,6,7.0,1
M Markande,0,0,0.0,0,0,0,76,30,15.2,5
Himmat Singh,92,69,133.33,5,5,0,0,0,0.0,0
AR Patel,173,132,131.06,16,6,11,360,264,8.18,80
RD Gaikwad,337,273,123.44,29,12,0,0,0,0.0,0
Auqib Nabi,14,4,350.0,2,1,0,149,78,11.46,24
Mohsin Khan,0,4,0.0,0,0,11,228,168,8.14,63
Krish Bhagat,10,21,47.62,0,0,0,63,36,10.5,15
PR Veer,90,67,134.33,10,3,0,25,12,12.5,5
Ravi Singh,4,2,200.0,1,0,0,0,0,0.0,0
Arshdeep Singh,1,1,100.0,0,0,14,541,318,10.21,108
JJ Bumrah,7,7,100.0,1,0,4,410,294,8.37,105
YBK Jaiswal,427,280,152.5,52,18,0,0,0,0.0,0
Suryansh Shedge,158,90,175.56,9,12,0,0,0,0.0,0
RR Pant,313,227,137.89,30,11,0,0,0,0.0,0
MA Starc,0,2,0.0,0,0,11,224,132,10.18,52
Raghu Sharma,0,0,0.0,0,0,1,130,90,8.67,23
SN Thakur,24,30,80.0,2,0,12,270,132,12.27,36
JC Buttler,526,345,152.46,51,26,0,0,0,0.0,0
DA Miller,211,137,154.01,15,14,0,0,0,0.0,0
Ramandeep Singh,82,68,120.59,8,2,1,31,16,11.62,1
Shahbaz Ahmed,58,41,141.46,4,3,5,130,67,11.64,16
Vishnu Vinod,15,8,187.5,1,1,0,0,0,0.0,0
MP Yadav,5,5,100.0,1,0,0,182,96,11.38,35
Abishek Porel,108,88,122.73,15,1,0,0,0,0.0,0
Ashok Sharma,1,4,25.0,0,0,6,228,126,10.86,48
L Ngidi,4,7,57.14,0,0,13,340,248,8.23,94
R Smaran,19,25,76.0,3,0,0,0,0,0.0,0
LS Livingstone,15,25,60.0,0,1,0,0,0,0.0,0
Sandeep Sharma,0,0,0.0,0,0,5,224,118,11.39,31
LG Pretorius,7,8,87.5,0,0,0,0,0,0.0,0
R Tewatia,190,132,143.94,20,8,0,0,0,0.0,0
C Connolly,491,301,163.12,43,32,0,0,0,0.0,0
HH Pandya,206,149,138.26,21,7,4,259,136,11.43,39
T Natarajan,1,2,50.0,0,0,5,356,191,11.18,42
MJ Suthar,0,0,0.0,0,0,2,68,36,11.33,13
Harsh Dubey,13,9,144.44,2,0,8,228,132,10.36,36
Washington Sundar,377,251,150.2,40,12,1,84,55,9.16,14
MP Stoinis,216,120,180.0,23,11,2,98,47,12.51,10
SV Samson,477,288,165.62,53,24,0,0,0,0.0,0
K Rabada,47,38,123.68,5,2,29,626,388,9.68,167
GF Linde,31,21,147.62,6,0,1,55,37,8.92,10
RD Rickelton,448,240,186.67,31,38,0,0,0,0.0,0
JM Sharma,116,95,122.11,9,6,0,0,0,0.0,0
MW Short,60,51,117.65,6,1,0,39,19,12.32,5
KA Jamieson,12,13,92.31,1,1,2,90,42,12.86,11
M Pathirana,0,0,0.0,0,0,0,9,8,6.75,4
M Siddharth,0,0,0.0,0,0,6,145,90,9.67,26
R Shepherd,83,66,125.76,6,5,7,298,150,11.92,35
Salil Arora,35,21,166.67,2,2,0,0,0,0.0,0
