season,player,matches,balls,runs_conceded,wickets,dot_balls,economy
2017,TS Mills,5,107,153,5,41,8.58
2017,A Choudhary,5,101,144,5,42,8.55
2017,YS Chahal,13,261,333,14,92,7.66
2017,S Aravind,10,183,275,5,58,9.02
2017,SR Watson,8,161,245,5,47,9.13
2017,TM Head,5,48,81,2,7,10.12
2017,STR Binny,4,36,50,4,9,8.33
2017,A Nehra,6,127,197,8,47,9.31
2017,B Kumar,14,314,369,26,117,7.05
2017,BCJ Cutting,4,76,123,1,20,9.71
2017,Rashid Khan,14,324,358,17,121,6.63
2017,DJ Hooda,3,24,42,2,7,10.5
2017,MC Henriques,12,144,248,1,27,10.33
2017,Bipul Sharma,7,98,129,3,28,7.9
2017,AB Dinda,3,60,119,1,21,11.9
2017,DL Chahar,3,42,74,1,12,10.57
2017,BA Stokes,12,264,316,12,108,7.18
2017,Imran Tahir,12,282,369,18,94,7.85
2017,A Zampa,6,119,163,7,38,8.22
2017,R Bhatia,3,42,55,2,9,7.86
2017,TG Southee,3,60,96,3,21,9.6
2017,HH Pandya,13,156,213,6,45,8.19
2017,MJ McClenaghan,14,324,507,19,119,9.39
2017,JJ Bumrah,16,362,444,20,124,7.36
2017,KH Pandya,13,240,273,10,73,6.83
2017,KA Pollard,1,11,30,0,0,16.36
2017,TA Boult,6,143,216,5,53,9.06
2017,PP Chawla,6,120,179,6,36,8.95
2017,SP Narine,15,354,412,10,133,6.98
2017,CR Woakes,13,264,386,17,87,8.77
2017,Kuldeep Yadav,11,246,340,12,74,8.29
2017,YK Pathan,4,24,41,1,8,10.25
2017,P Kumar,6,99,151,6,40,9.15
2017,DS Kulkarni,6,113,173,3,35,9.19
2017,MS Gony,1,12,32,0,4,16.0
2017,S Kaushik,3,66,105,0,20,9.55
2017,DR Smith,9,78,148,2,17,11.38
2017,SB Jakati,2,30,52,0,4,10.4
2017,Sandeep Sharma,13,288,398,17,115,8.29
2017,MM Sharma,14,274,410,13,87,8.98
2017,AR Patel,14,288,362,15,82,7.54
2017,T Natarajan,6,76,115,2,24,9.08
2017,MP Stoinis,5,63,110,2,10,10.48
2017,Swapnil Singh,4,42,61,1,7,8.71
2017,DT Christian,13,240,298,11,74,7.45
2017,RD Chahar,2,42,58,2,16,8.29
2017,Z Khan,11,241,313,10,72,7.79
2017,CH Morris,9,186,240,12,71,7.74
2017,PJ Cummins,12,277,373,15,84,8.08
2017,S Nadeem,7,107,119,6,47,6.67
2017,A Mishra,14,233,343,10,78,8.83
2017,CR Brathwaite,2,36,67,1,6,11.17
2017,B Stanlake,2,48,70,2,17,8.75
2017,Iqbal Abdulla,2,30,55,2,6,11.0
2017,P Negi,12,193,197,16,80,6.12
2017,SK Raina,6,72,102,1,20,8.5
2017,Tejas Baroka,1,21,33,0,6,9.43
2017,Basil Thampi,12,268,424,11,76,9.49
2017,SL Malinga,12,269,382,11,90,8.52
2017,Harbhajan Singh,11,246,266,8,96,6.49
2017,AS Rajpoot,5,84,107,4,27,7.64
2017,VR Aaron,6,120,163,7,51,8.15
2017,CJ Anderson,8,113,186,3,20,9.88
2017,Mustafizur Rahman,1,16,34,0,3,12.75
2017,UT Yadav,14,291,410,17,117,8.45
2017,C de Grandhomme,9,96,135,4,33,8.44
2017,I Sharma,6,108,179,0,32,9.94
2017,GJ Maxwell,8,114,125,7,38,6.58
2017,S Badree,7,150,188,9,62,7.52
2017,AJ Tye,6,126,141,12,44,6.71
2017,RA Jadeja,12,228,349,5,57,9.18
2017,Ankit Sharma,1,6,16,0,1,16.0
2017,LH Ferguson,4,78,93,3,40,7.15
2017,SN Thakur,12,229,315,11,85,8.25
2017,KC Cariappa,4,90,127,4,22,8.47
2017,MM Patel,2,42,57,1,10,8.14
2017,AF Milne,4,84,134,3,25,9.57
2017,JD Unadkat,12,275,322,24,119,7.03
2017,NM Coulter-Nile,8,170,228,15,70,8.05
2017,Mohammed Shami,8,156,243,5,55,9.35
2017,AD Mathews,2,30,56,0,3,11.2
2017,BB Sran,1,12,29,0,4,14.5
2017,S Kaul,10,214,300,16,65,8.41
2017,Mohammad Nabi,3,66,58,2,34,5.27
2017,J Yadav,2,36,42,0,13,7.0
2017,Mohammed Siraj,6,138,212,10,48,9.22
2017,Yuvraj Singh,2,12,22,1,2,11.0
2017,JP Faulkner,8,163,269,8,36,9.9
2017,Shakib Al Hasan,1,18,31,0,5,10.33
2017,K Rabada,6,128,188,6,48,8.81
2017,MG Johnson,5,120,141,7,55,7.05
2017,Washington Sundar,10,180,185,8,81,6.17
2017,SS Agarwal,1,24,42,1,7,10.5
2017,NB Singh,2,24,15,1,13,3.75
2017,KV Sharma,9,184,214,13,75,6.98
2017,RA Tripathi,1,6,12,0,0,12.0
2017,Ankit Soni,6,109,144,2,37,7.93
2017,Anureet Singh,1,12,26,0,2,13.0
2017,IK Pathan,1,12,26,0,4,13.0
2017,PJ Sangwan,5,108,181,5,44,10.06
2017,MN Samuels,2,18,34,0,5,11.33
2017,MJ Henry,2,30,71,1,7,14.2
2017,R Tewatia,3,54,49,3,23,5.44
2017,R Vinay Kumar,1,18,31,2,6,10.33
2017,Avesh Khan,1,24,23,1,11,5.75
2017,HV Patel,1,24,43,3,8,10.75
2017,CJ Jordan,1,6,9,1,2,9.0
2018,DL Chahar,12,229,278,10,114,7.28
2018,SR Watson,11,168,251,6,56,8.96
2018,Harbhajan Singh,12,191,270,7,68,8.48
2018,RA Jadeja,14,246,303,11,78,7.39
2018,MA Wood,1,24,49,0,5,12.25
2018,Imran Tahir,6,124,188,6,38,9.1
2018,DJ Bravo,16,321,533,14,85,9.96
2018,MJ McClenaghan,11,240,332,14,98,8.3
2018,Mustafizur Rahman,7,165,230,7,57,8.36
2018,JJ Bumrah,14,324,372,17,128,6.89
2018,HH Pandya,13,256,381,18,94,8.93
2018,M Markande,14,264,368,15,80,8.36
2018,R Ashwin,14,304,410,10,76,8.09
2018,MM Sharma,9,178,322,7,44,10.85
2018,Mujeeb Ur Rahman,11,248,289,14,90,6.99
2018,AR Patel,8,156,218,3,38,8.38
2018,AJ Tye,14,336,448,24,108,8.0
2018,MP Stoinis,6,66,120,3,14,10.91
2018,TA Boult,14,316,466,18,111,8.85
2018,Mohammed Shami,4,83,144,3,28,10.41
2018,A Mishra,10,222,264,12,73,7.14
2018,CH Morris,4,84,143,3,29,10.21
2018,DT Christian,4,71,101,4,20,8.54
2018,R Tewatia,8,132,173,6,40,7.86
2018,R Vinay Kumar,2,23,65,2,8,16.96
2018,PP Chawla,15,294,412,14,106,8.41
2018,Kuldeep Yadav,16,308,418,17,90,8.14
2018,SP Narine,16,366,467,17,131,7.66
2018,MG Johnson,6,126,216,2,44,10.29
2018,AD Russell,15,227,355,13,74,9.38
2018,N Rana,5,37,44,4,17,7.14
2018,YS Chahal,14,300,363,12,120,7.26
2018,CR Woakes,5,110,190,8,44,10.36
2018,Washington Sundar,7,120,192,4,27,9.6
2018,UT Yadav,14,319,418,20,142,7.86
2018,K Khejroliya,3,65,107,2,15,9.88
2018,B Kumar,12,277,354,9,121,7.67
2018,B Stanlake,4,96,130,5,47,8.12
2018,Shakib Al Hasan,17,342,456,14,96,8.0
2018,S Kaul,17,396,547,21,120,8.29
2018,Rashid Khan,17,408,458,21,162,6.74
2018,DS Kulkarni,8,119,188,4,53,9.48
2018,JD Unadkat,15,302,486,11,97,9.66
2018,K Gowtham,15,240,312,11,87,7.8
2018,B Laughlin,7,126,211,9,33,10.05
2018,S Gopal,10,186,236,11,65,7.61
2018,BA Stokes,12,222,303,8,73,8.19
2018,DJM Short,2,18,19,1,7,6.33
2018,SN Thakur,13,280,431,16,111,9.24
2018,TK Curran,5,61,118,6,15,11.61
2018,S Nadeem,6,90,161,3,20,10.73
2018,Sandeep Sharma,12,264,333,12,115,7.57
2018,PJ Sangwan,1,12,19,0,4,9.5
2018,BCJ Cutting,7,102,168,2,23,9.88
2018,KH Pandya,13,241,284,12,82,7.07
2018,GJ Maxwell,10,96,132,5,32,8.25
2018,A Dananjaya,1,24,47,0,6,11.75
2018,Shivam Mavi,9,168,270,5,61,9.64
2018,P Negi,2,24,49,1,9,12.25
2018,BB Sran,6,132,229,4,45,10.41
2018,Yuvraj Singh,2,12,23,0,0,11.5
2018,V Shankar,4,30,58,1,8,11.6
2018,Mohammed Siraj,11,246,367,11,85,8.95
2018,CJ Anderson,3,52,115,3,14,13.27
2018,CJ Jordan,1,24,31,0,10,7.75
2018,DJ Hooda,2,18,24,0,5,8.0
2018,STR Binny,1,12,33,0,2,16.5
2018,KV Sharma,5,57,89,4,15,9.37
2018,AS Rajpoot,8,157,223,11,76,8.52
2018,HV Patel,5,105,167,7,34,9.54
2018,JC Archer,10,233,325,15,93,8.37
2018,Avesh Khan,6,114,204,4,43,10.74
2018,LE Plunkett,7,150,225,4,39,9.0
2018,Mohammad Nabi,2,30,47,1,12,9.4
2018,Basil Thampi,4,61,114,5,16,11.21
2018,MK Tiwary,1,6,10,0,0,10.0
2018,IS Sodhi,6,138,135,5,49,5.87
2018,MK Lomror,2,18,27,0,2,9.0
2018,YK Pathan,1,12,14,1,2,7.0
2018,TG Southee,8,174,261,5,57,9.0
2018,M Ashwin,2,42,53,3,19,7.57
2018,L Ngidi,7,156,156,11,74,6.0
2018,KM Asif,2,36,75,3,16,12.5
2018,JP Duminy,2,18,36,0,6,12.0
2018,C de Grandhomme,7,90,129,2,23,8.6
2018,DJ Willey,3,60,95,2,19,9.5
2018,M Prasidh Krishna,7,168,260,10,59,9.29
2018,Anureet Singh,3,24,42,1,4,10.5
2018,MM Ali,5,79,97,3,26,7.37
2018,Ankit Sharma,1,6,11,0,1,11.0
2018,JPR Scantlebury-Searles,3,42,89,2,7,12.71
2018,S Lamichhane,3,72,82,5,29,6.83
2018,CJ Dala,1,18,34,0,7,11.33
2018,CR Brathwaite,4,61,94,5,21,9.25
2018,KK Ahmed,1,18,38,0,6,12.67
2019,DL Chahar,17,387,482,22,186,7.47
2019,Harbhajan Singh,11,264,312,16,114,7.09
2019,SK Raina,1,6,6,0,1,6.0
2019,Imran Tahir,17,386,431,26,146,6.7
2019,RA Jadeja,16,324,343,15,124,6.35
2019,DJ Bravo,12,247,330,11,71,8.02
2019,YS Chahal,14,296,386,18,113,7.82
2019,Navdeep Saini,13,288,397,11,135,8.27
2019,MM Ali,9,150,169,6,63,6.76
2019,UT Yadav,11,227,371,8,87,9.81
2019,Mohammed Siraj,9,169,269,7,67,9.55
2019,S Dube,2,10,8,0,3,4.8
2019,M Prasidh Krishna,11,248,387,5,89,9.36
2019,PP Chawla,13,267,399,10,84,8.97
2019,LH Ferguson,5,102,183,2,28,10.76
2019,SP Narine,12,266,347,10,90,7.83
2019,Kuldeep Yadav,9,198,286,4,54,8.67
2019,AD Russell,12,181,287,11,60,9.51
2019,N Rana,6,48,72,3,14,9.0
2019,B Kumar,15,354,461,13,163,7.81
2019,Shakib Al Hasan,3,65,95,2,22,8.77
2019,Sandeep Sharma,11,256,352,12,79,8.25
2019,S Kaul,7,162,242,6,55,8.96
2019,Rashid Khan,15,363,386,17,160,6.38
2019,Rasikh Salam,1,24,42,0,8,10.5
2019,MJ McClenaghan,5,108,142,3,44,7.89
2019,JJ Bumrah,16,374,417,20,157,6.69
2019,HH Pandya,16,255,390,14,90,9.18
2019,KH Pandya,16,276,335,12,92,7.28
2019,BCJ Cutting,1,12,27,1,2,13.5
2019,TA Boult,5,114,163,5,44,8.58
2019,I Sharma,13,276,349,13,113,7.59
2019,K Rabada,12,288,375,26,109,7.81
2019,R Tewatia,3,38,42,2,19,6.63
2019,KMA Paul,8,163,237,9,52,8.72
2019,AR Patel,14,306,364,10,109,7.14
2019,DS Kulkarni,10,210,335,6,76,9.57
2019,K Gowtham,7,120,166,1,34,8.3
2019,JC Archer,11,258,291,11,113,6.77
2019,BA Stokes,6,101,189,6,26,11.23
2019,JD Unadkat,11,224,398,10,55,10.66
2019,S Gopal,14,288,347,20,104,7.23
2019,SM Curran,9,198,323,10,58,9.79
2019,Mujeeb Ur Rahman,5,114,191,3,36,10.05
2019,Mohammed Shami,14,324,469,19,111,8.69
2019,R Ashwin,14,330,400,15,100,7.27
2019,AS Rajpoot,4,96,152,3,32,9.5
2019,SN Thakur,9,180,281,8,61,9.37
2019,A Mishra,11,240,270,11,82,6.75
2019,CV Varun,1,18,35,1,8,11.67
2019,GC Viljoen,6,138,222,7,43,9.65
2019,AJ Tye,6,132,233,3,30,10.59
2019,Mandeep Singh,2,12,26,0,1,13.0
2019,C de Grandhomme,3,30,55,0,2,11.0
2019,SL Malinga,12,269,438,16,84,9.77
2019,M Markande,3,36,59,1,11,9.83
2019,S Nadeem,3,54,90,2,9,10.0
2019,V Shankar,5,48,70,1,14,8.75
2019,M Ashwin,10,204,255,5,57,7.5
2019,S Lamichhane,6,138,210,8,46,9.13
2019,CH Morris,9,198,306,13,66,9.27
2019,HV Patel,2,48,77,2,15,9.62
2019,P Ray Barman,1,24,56,0,2,14.0
2019,Mohammad Nabi,8,175,194,8,65,6.65
2019,MJ Santner,4,84,94,4,37,6.71
2019,Avesh Khan,1,18,30,0,7,10.0
2019,GH Vihari,1,6,9,0,0,9.0
2019,VR Aaron,5,72,116,4,25,9.67
2019,STR Binny,5,42,44,1,13,6.29
2019,MP Stoinis,6,100,145,2,30,8.7
2019,MM Sharma,1,18,27,1,8,9.0
2019,JP Behrendorff,5,114,165,5,51,8.68
2019,RD Chahar,13,282,308,13,123,6.55
2019,TG Southee,3,54,118,1,17,13.11
2019,P Negi,4,67,102,3,24,9.13
2019,SC Kuggeleijn,2,48,71,2,17,8.88
2019,YK Pathan,1,6,8,0,1,8.0
2019,AS Joseph,3,52,87,6,23,10.04
2019,HF Gurney,8,162,238,7,50,8.81
2019,S Midhun,1,12,27,0,3,13.5
2019,R Parag,7,84,121,2,18,8.64
2019,CR Brathwaite,2,18,29,0,6,9.67
2019,LS Livingstone,1,6,13,0,3,13.0
2019,SN Khan,1,2,6,0,0,18.0
2019,KK Ahmed,9,209,287,19,83,8.24
2019,DJ Hooda,2,12,21,1,1,10.5
2019,Abhishek Sharma,2,12,21,1,1,10.5
2019,IS Sodhi,2,43,67,4,15,9.35
2019,Arshdeep Singh,3,60,109,3,15,10.9
2019,KV Sharma,1,17,33,1,4,11.65
2019,J Yadav,2,42,50,1,17,7.14
2019,DW Steyn,2,48,69,4,18,8.62
2019,SE Rutherford,6,41,59,1,7,8.63
2019,Harpreet Brar,2,30,48,0,7,9.6
2019,Y Prithvi Raj,2,30,57,1,8,11.4
2019,KC Cariappa,1,12,34,0,1,17.0
2019,Washington Sundar,3,54,74,4,20,8.22
2019,O Thomas,4,60,79,5,17,7.9
2019,AS Roy,1,12,11,1,4,5.5
2019,BB Sran,2,24,51,0,7,12.75
2019,S Sandeep Warrier,3,72,85,2,29,7.08
2019,K Khejroliya,2,30,46,1,10,9.2
2019,J Suchith,1,24,28,2,11,7.0
2019,Basil Thampi,3,72,110,0,17,9.17
2020,DL Chahar,14,312,396,12,113,7.62
2020,SM Curran,13,252,344,13,87,8.19
2020,L Ngidi,4,96,167,9,33,10.44
2020,PP Chawla,7,126,191,6,37,9.1
2020,RA Jadeja,13,218,318,6,56,8.75
2020,TA Boult,15,348,472,25,156,8.14
2020,JL Pattinson,10,213,320,11,77,9.01
2020,JJ Bumrah,15,372,420,29,168,6.77
2020,KH Pandya,16,301,380,6,95,7.57
2020,RD Chahar,15,318,433,15,100,8.17
2020,SS Cottrell,6,120,176,6,58,8.8
2020,Mohammed Shami,14,330,468,20,134,8.51
2020,CJ Jordan,9,195,315,9,59,9.69
2020,K Gowtham,2,48,84,1,11,10.5
2020,Ravi Bishnoi,14,306,376,12,119,7.37
2020,A Nortje,16,366,512,22,149,8.39
2020,MM Sharma,1,24,45,1,7,11.25
2020,K Rabada,17,397,550,32,151,8.31
2020,R Ashwin,15,306,391,13,99,7.67
2020,AR Patel,15,306,327,9,98,6.41
2020,MP Stoinis,13,178,283,13,46,9.54
2020,CH Morris,9,190,210,11,89,6.63
2020,Mohammed Siraj,9,163,236,11,72,8.69
2020,Navdeep Saini,13,280,385,7,115,8.25
2020,I Udana,10,174,282,8,45,9.72
2020,YS Chahal,15,343,405,21,112,7.08
2020,Washington Sundar,15,300,298,8,112,5.96
2020,PJ Cummins,14,312,409,12,133,7.87
2020,M Prasidh Krishna,6,105,164,4,35,9.37
2020,CV Varun,13,312,356,17,110,6.85
2020,LH Ferguson,5,122,150,8,47,7.38
2020,Sandeep Sharma,13,312,374,14,119,7.19
2020,JO Holder,7,168,233,14,55,8.32
2020,S Nadeem,7,132,178,5,30,8.09
2020,T Natarajan,16,377,504,16,123,8.02
2020,Rashid Khan,16,388,345,20,164,5.34
2020,DS Kulkarni,1,18,22,0,6,7.33
2020,NM Coulter-Nile,7,156,206,5,69,7.92
2020,JD Unadkat,7,138,228,4,34,9.91
2020,JC Archer,14,334,365,20,171,6.56
2020,S Gopal,14,300,427,10,84,8.54
2020,TK Curran,5,109,208,3,23,11.45
2020,R Tewatia,14,276,326,10,94,7.09
2020,TU Deshpande,5,102,192,3,28,11.29
2020,KL Nagarkoti,9,156,231,5,44,8.88
2020,SP Narine,10,228,302,5,62,7.95
2020,KK Ahmed,7,154,242,8,59,9.43
2020,Arshdeep Singh,8,149,218,9,55,8.78
2020,M Ashwin,9,189,235,10,68,7.46
2020,KA Pollard,11,126,190,4,33,9.05
2020,DW Steyn,3,70,133,1,23,11.4
2020,VR Aaron,3,48,94,0,19,11.75
2020,Kartik Tyagi,10,229,367,9,78,9.62
2020,AJ Tye,1,24,50,1,5,12.5
2020,HV Patel,5,90,134,3,22,8.93
2020,SN Thakur,9,194,275,10,65,8.51
2020,KV Sharma,5,114,165,5,27,8.68
2020,DJ Bravo,6,126,180,6,35,8.57
2020,Shivam Mavi,8,156,212,9,61,8.15
2020,AD Russell,7,108,175,6,36,9.72
2020,JDS Neesham,5,90,148,2,25,9.87
2020,AS Rajpoot,6,102,199,2,31,11.71
2020,R Parag,2,12,27,0,3,13.5
2020,Kuldeep Yadav,4,72,92,1,16,7.67
2020,DR Sams,3,72,114,0,22,9.5
2020,Shahbaz Ahmed,2,36,44,2,8,7.33
2020,Imran Tahir,3,66,76,1,18,6.91
2020,CH Gayle,1,5,5,0,0,6.0
2020,BA Stokes,6,90,154,2,19,10.27
2020,Abhishek Sharma,6,60,91,2,10,9.1
2020,V Shankar,5,79,82,4,31,6.23
2020,S Sandeep Warrier,1,18,34,0,8,11.33
2020,UT Yadav,2,42,83,0,13,11.86
2020,S Dube,5,54,73,4,13,8.11
2020,GJ Maxwell,7,126,169,3,35,8.05
2020,Basil Thampi,1,24,46,1,5,11.5
2020,Harpreet Brar,1,24,41,0,6,10.25
2020,A Zampa,3,66,92,2,20,8.36
2020,A Mishra,3,60,72,3,17,7.2
2020,B Kumar,4,85,99,3,39,6.99
2020,Abdul Samad,3,42,96,1,9,13.71
2020,DJ Hooda,1,6,9,0,1,9.0
2020,MM Ali,3,30,42,1,8,8.4
2020,JR Hazlewood,3,60,64,1,29,6.4
2020,Mujeeb Ur Rahman,2,48,83,0,12,10.38
2020,N Rana,2,12,23,0,0,11.5
2020,DA Warner,1,1,2,0,0,12.0
2020,CJ Green,1,17,24,0,6,8.47
2020,I Sharma,1,18,26,0,4,8.67
2020,MR Marsh,1,4,6,0,1,9.0
2020,J Yadav,2,42,43,1,13,6.14
2020,P Dubey,3,48,72,0,12,9.0
2020,MJ Santner,2,42,53,2,12,7.57
2020,S Kaul,1,24,64,2,6,16.0
2020,KS Williamson,1,12,24,0,0,12.0
2020,Avesh Khan,1,24,42,0,7,10.5
2020,Monu Kumar,1,12,20,0,4,10.0
2020,Mohammad Nabi,1,24,23,0,4,5.75
2021,Mohammed Siraj,15,312,353,11,140,6.79
2021,KA Jamieson,9,168,269,9,69,9.61
2021,YS Chahal,15,318,374,18,123,7.06
2021,Shahbaz Ahmed,6,84,92,7,21,6.57
2021,HV Patel,15,338,459,32,120,8.15
2021,DT Christian,9,100,155,4,28,9.3
2021,Washington Sundar,6,96,118,3,31,7.38
2021,TA Boult,14,308,406,13,135,7.91
2021,JJ Bumrah,14,330,410,21,134,7.45
2021,M Jansen,2,36,45,2,12,7.5
2021,KH Pandya,12,199,265,5,66,7.99
2021,RD Chahar,11,258,318,13,90,7.4
2021,CR Woakes,3,66,82,5,30,7.45
2021,Avesh Khan,16,366,450,24,146,7.38
2021,R Ashwin,13,268,331,7,92,7.41
2021,TK Curran,3,68,104,4,19,9.18
2021,A Mishra,4,84,109,6,25,7.79
2021,MP Stoinis,8,67,117,2,13,10.48
2021,DL Chahar,15,324,451,14,130,8.35
2021,SM Curran,9,198,328,9,72,9.94
2021,SN Thakur,16,359,527,21,134,8.81
2021,RA Jadeja,16,294,346,13,103,7.06
2021,MM Ali,10,152,161,6,48,6.36
2021,DJ Bravo,11,202,263,14,72,7.81
2021,B Kumar,11,252,335,6,101,7.98
2021,Sandeep Sharma,7,141,203,3,51,8.64
2021,T Natarajan,2,48,69,2,13,8.62
2021,Mohammad Nabi,3,48,86,2,13,10.75
2021,Rashid Khan,14,342,380,18,122,6.67
2021,V Shankar,5,66,100,3,22,9.09
2021,Harbhajan Singh,3,42,63,0,19,9.0
2021,M Prasidh Krishna,10,231,351,12,99,9.12
2021,Shakib Al Hasan,8,156,187,4,49,7.19
2021,PJ Cummins,7,161,237,9,60,8.83
2021,AD Russell,8,114,188,11,38,9.89
2021,CV Varun,17,408,448,18,142,6.59
2021,C Sakariya,14,312,426,14,108,8.19
2021,Mustafizur Rahman,14,311,436,14,106,8.41
2021,CH Morris,11,246,376,15,83,9.17
2021,S Gopal,3,42,84,0,11,12.0
2021,BA Stokes,1,6,12,0,2,12.0
2021,R Tewatia,13,222,340,8,48,9.19
2021,R Parag,6,37,73,1,7,11.84
2021,S Dube,4,30,49,0,6,9.8
2021,Mohammed Shami,14,316,395,19,141,7.5
2021,JA Richardson,3,66,117,3,22,10.64
2021,Arshdeep Singh,12,248,342,18,82,8.27
2021,RP Meredith,5,102,169,4,36,9.94
2021,M Ashwin,3,66,97,1,16,8.82
2021,KA Pollard,9,79,95,5,26,7.22
2021,RG Sharma,2,7,13,0,0,11.14
2021,JO Holder,8,191,247,16,74,7.76
2021,S Nadeem,1,24,36,1,9,9.0
2021,JD Unadkat,6,132,168,4,52,7.64
2021,K Rabada,15,336,456,15,130,8.14
2021,KK Ahmed,7,162,219,5,53,8.11
2021,Mujeeb Ur Rahman,1,24,29,2,9,7.25
2021,Abhishek Sharma,6,60,64,4,23,6.4
2021,AF Milne,4,84,131,3,28,9.36
2021,GJ Maxwell,6,96,135,3,25,8.44
2021,LI Meriwala,1,18,32,1,6,10.67
2021,Lalit Yadav,5,84,101,4,21,7.21
2021,Jalaj S Saxena,1,18,27,0,5,9.0
2021,DJ Hooda,7,96,136,2,31,8.5
2021,J Yadav,5,102,130,2,43,7.65
2021,S Kaul,8,180,247,7,67,8.23
2021,FA Allen,3,66,90,1,20,8.18
2021,MC Henriques,5,60,45,4,29,4.5
2021,SP Narine,14,336,361,16,125,6.45
2021,KL Nagarkoti,1,12,25,0,2,12.5
2021,L Ngidi,3,72,125,5,24,10.42
2021,KW Richardson,1,18,29,1,5,9.67
2021,Ravi Bishnoi,9,216,230,12,81,6.39
2021,Shivam Mavi,9,193,233,11,85,7.24
2021,Navdeep Saini,2,24,52,0,4,13.0
2021,Imran Tahir,1,24,16,2,14,4.0
2021,J Suchith,2,42,66,0,11,9.43
2021,AR Patel,12,282,312,15,99,6.64
2021,CJ Jordan,4,72,96,4,23,8.0
2021,I Sharma,3,72,97,1,25,8.08
2021,DR Sams,2,36,39,1,15,6.5
2021,NM Coulter-Nile,5,120,127,7,49,6.35
2021,Harpreet Brar,7,138,139,5,54,6.04
2021,DS Kulkarni,1,24,48,0,7,12.0
2021,JDS Neesham,3,54,66,5,19,7.33
2021,Kartik Tyagi,4,84,124,4,36,8.86
2021,LH Ferguson,8,180,224,13,74,7.47
2021,PWH de Silva,2,36,60,0,11,10.0
2021,Umran Malik,3,72,96,2,31,8.0
2021,PP Chawla,1,24,38,1,3,9.5
2021,Akash Singh,1,24,39,0,7,9.75
2021,M Markande,1,18,26,0,4,8.67
2021,GD Phillips,2,12,20,1,4,10.0
2021,JR Hazlewood,9,210,293,11,81,8.37
2021,KM Asif,1,13,18,1,2,8.31
2021,AK Markram,2,24,23,0,9,5.75
2021,GHS Garton,5,90,135,3,31,9.0
2021,S Sandeep Warrier,1,12,15,0,6,7.5
2021,TG Southee,3,72,95,3,23,7.92
2021,VR Iyer,4,51,69,3,12,8.12
2021,A Nortje,8,182,187,12,79,6.16
2021,K Yadav,1,12,16,0,4,8.0
2021,N Rana,2,12,12,0,5,6.0
2021,MK Lomror,4,42,47,1,13,6.71
2021,T Shamsi,1,24,34,0,2,8.5
2021,NT Ellis,3,66,90,1,23,8.18
2021,RV Patel,1,18,22,0,5,7.33
2021,Abdul Samad,1,6,9,1,1,9.0
2021,IC Porel,1,24,39,1,7,9.75
2021,AU Rashid,1,18,35,0,6,11.67
2022,UT Yadav,12,288,339,16,135,7.06
2022,Shivam Mavi,6,132,227,5,47,10.32
2022,CV Varun,11,234,332,6,86,8.51
2022,SP Narine,14,336,312,9,138,5.57
2022,AD Russell,13,169,278,17,57,9.87
2022,TU Deshpande,2,42,63,1,17,9.0
2022,AF Milne,1,15,19,0,9,7.6
2022,MJ Santner,6,114,130,4,41,6.84
2022,DJ Bravo,10,206,299,16,66,8.71
2022,S Dube,2,12,36,0,0,18.0
2022,RA Jadeja,10,198,248,5,64,7.52
2022,SN Thakur,14,290,473,15,101,9.79
2022,KK Ahmed,10,235,315,16,110,8.04
2022,AR Patel,13,258,321,6,85,7.47
2022,KL Nagarkoti,1,12,29,0,4,14.5
2022,Kuldeep Yadav,14,298,419,21,96,8.44
2022,Lalit Yadav,8,108,150,4,37,8.33
2022,DR Sams,11,252,370,13,105,8.81
2022,JJ Bumrah,14,320,383,15,133,7.18
2022,Basil Thampi,5,96,152,5,38,9.5
2022,M Ashwin,8,174,228,9,65,7.86
2022,TS Mills,5,102,190,6,28,11.18
2022,Sandeep Sharma,5,120,153,2,58,7.65
2022,Arshdeep Singh,14,300,385,10,102,7.7
2022,OF Smith,6,90,178,6,35,11.87
2022,RD Chahar,13,280,360,14,97,7.71
2022,Harpreet Brar,5,96,146,4,36,9.12
2022,LS Livingstone,12,138,202,6,38,8.78
2022,DJ Willey,4,66,72,1,24,6.55
2022,Mohammed Siraj,15,306,514,9,122,10.08
2022,Shahbaz Ahmed,14,210,336,4,56,9.6
2022,Akash Deep,5,113,205,5,39,10.88
2022,PWH de Silva,16,342,430,26,137,7.54
2022,HV Patel,15,321,410,19,123,7.66
2022,Mohammed Shami,16,366,488,20,169,8.0
2022,VR Aaron,2,30,52,2,6,10.4
2022,LH Ferguson,13,286,427,12,110,8.96
2022,HH Pandya,10,183,222,8,72,7.28
2022,Rashid Khan,16,383,421,19,123,6.6
2022,PVD Chameera,12,264,384,9,117,8.73
2022,Avesh Khan,13,286,416,18,122,8.73
2022,Mohsin Khan,9,198,197,14,105,5.97
2022,Ravi Bishnoi,14,324,456,13,110,8.44
2022,KH Pandya,12,228,265,10,68,6.97
2022,DJ Hooda,2,24,43,1,5,10.75
2022,B Kumar,14,313,383,12,129,7.34
2022,R Shepherd,3,54,98,3,23,10.89
2022,Umran Malik,14,295,444,22,131,9.03
2022,Washington Sundar,8,168,239,6,47,8.54
2022,T Natarajan,11,258,406,18,78,9.44
2022,Abhishek Sharma,3,24,38,0,3,9.5
2022,TA Boult,16,372,492,16,170,7.94
2022,M Prasidh Krishna,17,399,551,19,193,8.29
2022,NM Coulter-Nile,1,18,48,0,3,16.0
2022,R Ashwin,17,402,503,12,119,7.51
2022,YS Chahal,17,408,527,27,128,7.75
2022,R Parag,4,24,59,1,3,14.75
2022,TG Southee,9,210,275,14,84,7.86
2022,VR Iyer,4,24,46,0,3,11.5
2022,AJ Tye,3,66,107,2,21,9.73
2022,Mukesh Choudhary,13,273,424,16,118,9.32
2022,MM Ali,10,143,158,8,55,6.63
2022,D Pretorius,6,126,210,6,34,10.0
2022,K Rabada,13,288,406,23,128,8.46
2022,KA Pollard,6,84,125,4,19,8.93
2022,Navdeep Saini,2,36,72,3,9,12.0
2022,Mustafizur Rahman,8,192,244,8,72,7.62
2022,V Shankar,2,9,15,0,4,10.0
2022,R Tewatia,5,36,76,0,6,12.67
2022,CJ Jordan,4,77,135,2,22,10.52
2022,VG Arora,5,107,164,3,38,9.2
2022,Abdul Samad,1,6,8,0,1,8.0
2022,JO Holder,12,249,391,14,72,9.42
2022,YBK Jaiswal,1,1,6,0,0,36.0
2022,Rasikh Salam,2,24,28,0,8,7.0
2022,PJ Cummins,5,119,212,7,33,10.69
2022,Tilak Varma,2,12,13,0,5,6.5
2022,K Gowtham,4,72,99,5,31,8.25
2022,A Nortje,6,134,217,9,47,9.72
2022,DG Nalkande,2,31,59,2,8,11.42
2022,M Jansen,8,192,274,7,79,8.56
2022,AK Markram,4,36,64,1,8,10.67
2022,M Theekshana,9,210,261,12,65,7.46
2022,JD Unadkat,5,120,190,6,35,9.5
2022,D Brevis,1,3,8,1,1,16.0
2022,R Powell,1,6,17,0,0,17.0
2022,KR Sen,7,151,237,8,56,9.42
2022,JR Hazlewood,12,279,377,20,120,8.11
2022,GJ Maxwell,10,144,165,6,62,6.88
2022,JDS Neesham,1,18,29,0,5,9.67
2022,Yash Dayal,9,192,296,11,76,9.25
2022,Shashank Singh,2,12,20,0,1,10.0
2022,J Suchith,5,108,140,7,48,7.78
2022,Aman Hakim Khan,1,6,13,0,1,13.0
2022,FA Allen,1,24,46,1,6,11.5
2022,MP Stoinis,5,42,79,4,13,11.29
2022,AS Joseph,9,180,264,7,67,8.8
2022,OC McCoy,7,155,237,11,47,9.17
2022,NT Ellis,2,36,55,3,14,9.17
2022,RP Meredith,8,168,236,8,71,8.43
2022,HR Shokeen,5,90,127,2,41,8.47
2022,A Badoni,2,12,11,2,3,5.5
2022,R Dhawan,6,114,156,6,31,8.21
2022,DJ Mitchell,2,12,27,0,1,13.5
2022,C Sakariya,3,66,84,3,18,7.64
2022,Harshit Rana,2,30,51,1,11,10.2
2022,N Rana,2,12,23,0,1,11.5
2022,SS Iyer,1,6,7,0,4,7.0
2022,PJ Sangwan,3,54,65,3,21,7.22
2022,K Kartikeya,4,78,102,5,29,7.85
2022,Simarjeet Singh,6,108,138,4,55,7.67
2022,AS Roy,2,42,55,1,11,7.86
2022,SA Abbott,1,24,47,1,7,11.75
2022,Kartik Tyagi,2,48,79,1,20,9.88
2022,S Gopal,1,18,34,1,7,11.33
2022,MR Marsh,4,72,102,4,25,8.5
2022,Fazalhaq Farooqi,3,72,110,2,24,9.17
2022,MK Lomror,2,12,18,0,3,9.0
2022,R Sai Kishore,5,96,121,6,26,7.56
2022,Ramandeep Singh,3,36,54,6,12,9.0
2022,PH Solanki,2,36,38,2,11,6.33
2022,M Pathirana,2,41,52,2,16,7.61
2022,R Sanjay Yadav,1,12,23,0,6,11.5
2022,M Markande,2,42,57,1,10,8.14
2022,S Kaul,1,24,43,0,6,10.75
2023,Mohammed Shami,17,390,522,28,184,8.03
2023,HH Pandya,11,150,228,3,59,9.12
2023,J Little,10,204,294,7,73,8.65
2023,Rashid Khan,17,402,552,27,129,8.24
2023,AS Joseph,7,144,225,7,56,9.38
2023,Yash Dayal,5,84,165,2,24,11.79
2023,DL Chahar,10,204,297,13,80,8.74
2023,TU Deshpande,16,341,564,21,128,9.92
2023,RS Hangargekar,2,36,60,3,14,10.0
2023,MJ Santner,3,72,81,3,21,6.75
2023,RA Jadeja,16,342,431,20,106,7.56
2023,UT Yadav,8,114,189,1,41,9.95
2023,TG Southee,2,36,79,2,12,13.17
2023,SP Narine,14,288,383,11,84,7.98
2023,CV Varun,14,316,429,20,115,8.15
2023,SN Thakur,9,126,220,7,32,10.48
2023,SM Curran,14,287,489,10,80,10.22
2023,Arshdeep Singh,14,305,493,17,110,9.7
2023,NT Ellis,10,228,339,13,65,8.92
2023,Sikandar Raza,6,72,119,3,19,9.92
2023,R Dhawan,4,42,60,1,19,8.57
2023,RD Chahar,14,298,385,8,93,7.75
2023,Harpreet Brar,11,163,218,9,57,8.02
2023,KK Ahmed,9,198,301,9,81,9.12
2023,Mukesh Kumar,10,186,326,7,63,10.52
2023,C Sakariya,2,48,89,3,17,11.12
2023,AR Patel,13,282,338,11,102,7.19
2023,Kuldeep Yadav,14,294,361,10,82,7.37
2023,KR Mayers,6,42,59,0,14,8.43
2023,JD Unadkat,3,48,92,0,15,11.5
2023,K Gowtham,6,96,118,3,39,7.38
2023,Avesh Khan,9,174,283,8,58,9.76
2023,MA Wood,4,96,130,11,42,8.12
2023,Ravi Bishnoi,14,303,391,16,94,7.74
2023,B Kumar,14,306,425,16,121,8.33
2023,Fazalhaq Farooqi,4,80,117,4,32,8.78
2023,Washington Sundar,7,106,146,3,35,8.26
2023,T Natarajan,12,270,410,10,72,9.11
2023,AU Rashid,2,42,56,2,14,8.0
2023,Umran Malik,8,120,217,5,41,10.85
2023,TA Boult,10,228,312,13,103,8.21
2023,KM Asif,4,84,138,3,28,9.86
2023,JO Holder,8,171,284,4,40,9.96
2023,R Ashwin,13,294,368,14,88,7.51
2023,YS Chahal,14,317,432,21,95,8.18
2023,NA Saini,1,12,34,0,2,17.0
2023,Mohammed Siraj,14,300,375,19,151,7.5
2023,RJW Topley,1,12,14,1,7,7.0
2023,Akash Deep,2,30,59,1,10,11.8
2023,HV Patel,13,282,454,14,77,9.66
2023,KV Sharma,7,129,223,10,37,10.37
2023,MG Bracewell,5,66,95,6,26,8.64
2023,GJ Maxwell,7,62,94,3,18,9.1
2023,JP Behrendorff,12,252,387,14,88,9.21
2023,Arshad Khan,6,85,190,5,25,13.41
2023,JC Archer,5,120,190,2,43,9.5
2023,PP Chawla,16,366,495,22,120,8.11
2023,C Green,16,228,361,6,79,9.5
2023,HR Shokeen,8,114,187,3,37,9.84
2023,KH Pandya,12,252,313,9,92,7.45
2023,Yash Thakur,9,191,289,13,63,9.08
2023,BA Stokes,1,6,18,0,0,18.0
2023,MM Ali,11,156,195,9,54,7.5
2023,A Nortje,10,240,364,10,90,9.1
2023,MR Marsh,8,121,170,12,34,8.43
2023,DJ Willey,4,90,105,3,36,7.0
2023,Shahbaz Ahmed,5,42,95,1,9,13.57
2023,Suyash Sharma,11,234,321,10,80,8.23
2023,DJ Hooda,1,6,8,0,1,8.0
2023,A Mishra,7,114,149,7,30,7.84
2023,AK Markram,6,49,70,1,11,8.57
2023,R Powell,1,12,18,1,4,9.0
2023,Sandeep Sharma,12,276,396,10,94,8.61
2023,M Ashwin,2,24,53,0,3,13.25
2023,SSB Magala,2,36,51,1,5,8.5
2023,D Pretorius,1,24,28,0,8,7.0
2023,K Kartikeya,8,156,227,5,40,8.73
2023,LH Ferguson,3,46,96,1,14,12.52
2023,M Jansen,8,162,267,10,67,9.89
2023,M Markande,10,228,300,12,76,7.89
2023,Mohit Rathee,1,12,29,0,3,14.5
2023,WD Parnell,7,151,236,9,55,9.38
2023,RP Meredith,5,118,207,7,40,10.53
2023,Tilak Varma,1,6,7,0,3,7.0
2023,Mustafizur Rahman,2,42,79,1,13,11.29
2023,Lalit Yadav,4,78,118,2,22,9.08
2023,Akash Singh,6,114,188,5,46,9.89
2023,M Theekshana,13,294,392,11,81,8.0
2023,KR Sen,2,18,28,0,5,9.33
2023,A Zampa,6,132,188,8,39,8.55
2023,MM Sharma,14,265,361,27,86,8.17
2023,K Rabada,6,138,232,7,58,10.09
2023,MW Short,3,24,25,0,11,6.25
2023,AD Russell,9,91,172,7,31,11.34
2023,Vijaykumar Vyshak,7,144,253,9,40,10.54
2023,PWH de Silva,8,174,258,9,54,8.9
2023,Yudhvir Singh,3,48,70,3,23,8.75
2023,Arjun Tendulkar,4,59,92,3,23,9.36
2023,D Jansen,1,24,53,1,6,13.25
2023,Noor Ahmad,13,283,369,16,100,7.82
2023,M Pathirana,12,278,371,19,95,8.01
2023,Naveen-ul-Haq,7,168,219,11,64,7.82
2023,MP Stoinis,5,65,100,5,22,9.23
2023,LS Livingstone,5,42,94,2,5,13.43
2023,I Sharma,8,150,206,10,65,8.24
2023,K Khejroliya,2,26,64,2,7,14.77
2023,AS Roy,3,48,65,3,20,8.12
2023,N Rana,6,53,75,3,18,8.49
2023,Mayank Dagar,3,66,83,1,22,7.55
2023,J Yadav,1,24,26,0,8,6.5
2023,R Tewatia,2,13,15,0,7,6.92
2023,D Wiese,1,18,38,0,3,12.67
2023,VG Arora,5,96,146,5,30,9.12
2023,K Yadav,2,42,68,2,9,9.71
2023,Gurnoor Brar,1,18,42,0,7,14.0
2023,A Badoni,1,1,0,0,1,0.0
2023,Harshit Rana,6,102,147,5,44,8.65
2023,AJ Hosein,1,24,40,1,5,10.0
2023,Abhishek Sharma,5,72,124,2,21,10.33
2023,JR Hazlewood,3,54,76,3,29,8.44
2023,MK Lomror,2,12,17,0,3,8.5
2023,Akash Madhwal,8,153,219,14,50,8.59
2023,Kartik Tyagi,3,37,92,1,10,14.92
2023,R Goyal,1,24,33,0,6,8.25
2023,T Stubbs,1,12,14,1,3,7.0
2023,Mohsin Khan,4,60,107,3,22,10.7
2023,Swapnil Singh,2,12,18,0,2,9.0
2023,Vivrant Sharma,2,18,37,0,5,12.33
2023,OC McCoy,1,6,13,0,2,13.0
2023,CJ Jordan,6,132,237,3,41,10.77
2023,JE Root,1,12,14,0,1,7.0
2023,GD Phillips,2,18,20,1,6,6.67
2023,P Dubey,1,18,19,1,8,6.33
2023,Nithish Kumar Reddy,2,30,54,0,10,10.8
2023,Navdeep Saini,1,24,40,3,9,10.0
2023,H Sharma,1,18,28,0,2,9.33
2023,DG Nalkande,1,24,44,1,8,11.0
2024,DL Chahar,8,141,202,5,60,8.6
2024,TU Deshpande,13,288,424,17,111,8.83
2024,M Theekshana,5,120,144,2,44,7.2
2024,Mustafizur Rahman,9,206,318,14,76,9.26
2024,RA Jadeja,14,282,369,8,73,7.85
2024,Mohammed Siraj,14,324,496,15,121,9.19
2024,Yash Dayal,14,301,459,15,116,9.15
2024,AS Joseph,3,58,115,1,16,11.9
2024,KV Sharma,9,144,254,7,39,10.58
2024,Mayank Dagar,5,71,120,1,21,10.14
2024,C Green,13,211,303,10,70,8.62
2024,GJ Maxwell,6,96,129,6,34,8.06
2024,SM Curran,13,246,416,16,81,10.15
2024,Arshdeep Singh,14,302,505,19,108,10.03
2024,K Rabada,11,252,372,11,93,8.86
2024,Harpreet Brar,13,228,303,7,69,7.97
2024,RD Chahar,9,186,279,10,55,9.0
2024,HV Patel,14,294,477,24,80,9.73
2024,KK Ahmed,14,300,479,17,120,9.58
2024,I Sharma,9,162,265,10,62,9.81
2024,MR Marsh,3,48,103,1,9,12.88
2024,AR Patel,14,264,337,11,77,7.66
2024,Kuldeep Yadav,11,258,372,16,80,8.65
2024,Sumit Kumar,2,20,38,0,4,11.4
2024,B Kumar,16,342,533,11,126,9.35
2024,M Jansen,3,60,129,1,18,12.9
2024,T Natarajan,14,308,465,19,108,9.06
2024,PJ Cummins,16,366,566,18,123,9.28
2024,M Markande,7,132,259,8,29,11.77
2024,Shahbaz Ahmed,15,165,270,7,48,9.82
2024,MA Starc,13,251,444,17,102,10.61
2024,Harshit Rana,11,253,383,19,93,9.08
2024,CV Varun,14,300,402,21,121,8.04
2024,SP Narine,14,330,368,17,122,6.69
2024,AD Russell,14,176,295,19,60,10.06
2024,Suyash Sharma,2,24,51,0,5,12.75
2024,Mohsin Khan,10,228,385,10,82,10.13
2024,Naveen-ul-Haq,10,219,372,14,69,10.19
2024,KH Pandya,12,198,255,6,55,7.73
2024,Ravi Bishnoi,14,262,383,10,88,8.77
2024,Yash Thakur,10,213,402,11,65,11.32
2024,A Badoni,2,12,25,0,1,12.5
2024,TA Boult,15,320,443,16,132,8.31
2024,N Burger,5,102,145,7,46,8.53
2024,R Ashwin,14,330,467,9,87,8.49
2024,Avesh Khan,15,329,526,19,97,9.59
2024,YS Chahal,15,348,546,18,98,9.41
2024,Sandeep Sharma,10,228,311,13,72,8.18
2024,HH Pandya,12,216,387,11,63,10.75
2024,L Wood,2,36,93,1,8,15.5
2024,JJ Bumrah,13,311,336,20,144,6.48
2024,SZ Mulani,2,30,57,0,7,11.4
2024,PP Chawla,11,210,312,13,65,8.91
2024,Naman Dhir,3,28,55,0,3,11.79
2024,G Coetzee,10,201,341,13,71,10.18
2024,Azmatullah Omarzai,7,126,186,4,52,8.86
2024,UT Yadav,7,126,210,8,55,10.0
2024,Rashid Khan,12,262,367,10,79,8.4
2024,R Sai Kishore,5,90,137,7,30,9.13
2024,SH Johnson,5,96,151,4,34,9.44
2024,MM Sharma,11,234,425,13,53,10.9
2024,DJ Mitchell,2,36,70,1,4,11.67
2024,M Pathirana,6,132,169,13,49,7.68
2024,KT Maphaka,2,36,89,1,11,14.83
2024,JD Unadkat,11,187,319,8,42,10.24
2024,Umran Malik,1,6,15,0,2,15.0
2024,Mukesh Kumar,10,213,368,17,67,10.37
2024,A Nortje,6,132,294,7,36,13.36
2024,AS Roy,3,34,60,0,13,10.59
2024,Vijaykumar Vyshak,4,87,142,4,23,9.79
2024,M Siddharth,3,54,71,1,22,7.89
2024,MP Yadav,4,73,85,7,39,6.99
2024,Noor Ahmad,10,209,290,8,71,8.33
2024,DG Nalkande,3,29,45,3,6,9.31
2024,Washington Sundar,2,30,73,1,3,14.6
2024,Rasikh Salam,8,147,269,9,40,10.98
2024,Akash Madhwal,5,109,205,5,33,11.28
2024,RJW Topley,4,90,168,4,31,11.2
2024,MP Stoinis,7,84,126,4,32,9.0
2024,VG Arora,10,180,276,11,76,9.2
2024,VR Iyer,1,6,28,0,0,28.0
2024,Sikandar Raza,1,12,22,0,2,11.0
2024,Abhishek Sharma,4,42,51,2,12,7.29
2024,Mukesh Choudhary,1,6,27,0,2,27.0
2024,MM Ali,4,48,71,2,12,8.88
2024,R Ravindra,2,12,7,0,5,3.5
2024,R Parag,2,18,27,0,5,9.0
2024,H Sharma,1,12,29,0,0,14.5
2024,JA Richardson,1,24,40,0,8,10.0
2024,Lalit Yadav,2,18,56,0,2,18.67
2024,R Shepherd,5,72,159,1,15,13.25
2024,Mohammad Nabi,6,74,109,2,18,8.84
2024,SN Thakur,9,190,309,5,45,9.76
2024,Nithish Kumar Reddy,7,79,153,3,19,11.62
2024,KA Maharaj,2,36,39,2,11,6.5
2024,KR Sen,3,72,122,6,22,10.17
2024,S Gopal,3,42,67,3,10,9.57
2024,Akash Deep,1,21,55,1,6,15.71
2024,WG Jacks,5,54,100,2,11,11.11
2024,Arshad Khan,3,49,90,1,19,11.02
2024,LS Livingstone,4,72,84,3,25,7.0
2024,S Joseph,1,24,47,0,9,11.75
2024,Arshad Khan (2),1,12,24,0,4,12.0
2024,LH Ferguson,7,144,255,9,38,10.62
2024,MK Lomror,1,6,18,0,1,18.0
2024,T Stubbs,2,12,15,3,6,7.5
2024,S Sandeep Warrier,5,66,119,6,29,10.82
2024,MJ Henry,4,72,110,1,24,9.17
2024,M Shahrukh Khan,2,12,15,0,3,7.5
2024,N Thushara,7,156,257,8,49,9.88
2024,Tilak Varma,1,4,8,0,0,12.0
2024,Swapnil Singh,7,90,133,6,27,8.87
2024,PVD Chameera,1,18,48,0,5,16.0
2024,Ramandeep Singh,1,4,9,0,0,13.5
2024,LB Williams,2,36,72,1,12,12.0
2024,A Mishra,1,12,20,1,5,10.0
2024,DJ Hooda,2,18,22,0,4,7.33
2024,RJ Gleeson,2,47,71,1,19,9.06
2024,S Dube,1,6,14,1,1,14.0
2024,J Little,1,24,45,4,9,11.25
2024,MJ Suthar,1,12,26,0,4,13.0
2024,MJ Santner,3,54,64,2,23,7.11
2024,Simarjeet Singh,4,72,121,5,27,10.08
2024,Yudhvir Singh,2,24,52,1,5,13.0
2024,A Kamboj,3,60,114,2,19,11.4
2024,V Viyaskanth,3,60,86,1,16,8.6
2024,K Gowtham,1,12,29,0,4,14.5
2024,V Kaverappa,1,24,36,2,11,9.0
2024,Kartik Tyagi,1,24,51,0,4,12.75
2024,Gulbadin Naib,1,6,12,0,1,12.0
2024,NT Ellis,1,24,24,1,10,6.0
2024,Arjun Tendulkar,1,14,22,0,7,9.43
2024,N Wadhera,1,12,13,0,2,6.5
2024,R Dhawan,1,18,35,0,4,11.67
2024,Shashank Singh,1,6,5,1,1,5.0
2024,Atharva Taide,1,1,4,0,0,24.0
2024,TM Head,1,10,32,0,2,19.2
2024,AK Markram,2,12,15,0,4,7.5
2025,JR Hazlewood,12,264,386,22,117,8.77
2025,Yash Dayal,15,294,470,13,91,9.59
2025,Rasikh Salam,2,36,70,1,13,11.67
2025,KH Pandya,15,276,379,17,83,8.24
2025,Suyash Sharma,14,300,442,8,93,8.84
2025,LS Livingstone,5,54,76,2,10,8.44
2025,VG Arora,12,255,430,17,93,10.12
2025,SH Johnson,4,68,133,1,25,11.74
2025,CV Varun,13,300,383,17,114,7.66
2025,Harshit Rana,13,264,448,15,99,10.18
2025,SP Narine,12,270,351,12,84,7.8
2025,Fazalhaq Farooqi,5,102,210,0,24,12.35
2025,M Theekshana,11,252,410,11,70,9.76
2025,JC Archer,12,273,431,11,103,9.47
2025,Sandeep Sharma,10,223,374,9,52,10.06
2025,N Rana,2,12,18,0,0,9.0
2025,TU Deshpande,10,192,340,9,57,10.62
2025,Mohammed Shami,9,180,337,6,55,11.23
2025,Simarjeet Singh,4,60,141,2,20,14.1
2025,PJ Cummins,14,298,450,16,111,9.06
2025,Abhishek Sharma,6,66,112,0,21,10.18
2025,A Zampa,2,48,94,2,10,11.75
2025,HV Patel,13,263,430,16,82,9.81
2025,KK Ahmed,14,280,447,15,131,9.58
2025,SM Curran,5,72,133,1,16,11.08
2025,NT Ellis,1,24,38,1,5,9.5
2025,R Ashwin,9,186,283,7,54,9.13
2025,RA Jadeja,14,227,324,10,76,8.56
2025,Noor Ahmad,14,300,408,24,102,8.16
2025,TA Boult,16,346,517,22,124,8.97
2025,DL Chahar,14,246,376,11,106,9.17
2025,PVSN Raju,2,24,53,1,3,13.25
2025,MJ Santner,13,237,313,10,76,7.92
2025,WG Jacks,8,84,120,6,31,8.57
2025,V Puthur,5,72,109,6,24,9.08
2025,Naman Dhir,2,24,21,0,8,5.25
2025,MA Starc,11,233,400,14,84,10.3
2025,AR Patel,12,216,313,5,66,8.69
2025,V Nigam,13,234,356,11,72,9.13
2025,Mukesh Kumar,12,237,408,12,79,10.33
2025,Kuldeep Yadav,14,318,390,15,106,7.36
2025,MM Sharma,8,150,257,2,31,10.28
2025,T Stubbs,2,12,40,0,3,20.0
2025,SN Thakur,10,204,375,13,60,11.03
2025,M Siddharth,2,42,67,2,11,9.57
2025,DS Rathi,13,312,429,14,95,8.25
2025,Ravi Bishnoi,11,222,401,9,67,10.84
2025,Prince Yadav,6,137,225,3,42,9.85
2025,Shahbaz Ahmed,3,51,102,1,10,12.0
2025,Mohammed Siraj,15,342,527,16,141,9.25
2025,K Rabada,4,84,162,2,22,11.57
2025,Arshad Khan,9,126,217,6,46,10.33
2025,Rashid Khan,15,330,514,9,88,9.35
2025,M Prasidh Krishna,15,354,488,25,135,8.27
2025,R Sai Kishore,15,255,393,19,74,9.25
2025,Arshdeep Singh,16,350,518,21,134,8.88
2025,Azmatullah Omarzai,8,162,279,8,43,10.33
2025,M Jansen,14,283,434,16,105,9.2
2025,GJ Maxwell,6,78,110,4,27,8.46
2025,MP Stoinis,9,85,175,1,20,12.35
2025,YS Chahal,13,270,430,16,72,9.56
2025,Vijaykumar Vyshak,5,102,181,4,31,10.65
2025,MM Ali,5,96,136,6,29,8.5
2025,R Parag,9,120,170,3,29,8.5
2025,PWH de Silva,11,246,371,11,62,9.05
2025,Avesh Khan,13,284,487,13,77,10.29
2025,Ishan Kishan,1,1,4,0,0,24.0
2025,M Pathirana,12,251,424,13,76,10.14
2025,B Kumar,14,312,483,17,116,9.29
2025,Mujeeb Ur Rahman,1,12,28,1,4,14.0
2025,HH Pandya,14,210,342,14,64,9.77
2025,I Sharma,7,110,205,4,30,11.18
2025,Zeeshan Ansari,10,203,333,6,47,9.84
2025,PWA Mulder,1,6,16,0,1,16.0
2025,J Overton,3,36,83,0,9,13.83
2025,K Kartikeya,4,48,78,2,16,9.75
2025,Ashwani Kumar,7,123,232,11,35,11.32
2025,AD Russell,9,109,217,8,28,11.94
2025,LH Ferguson,4,68,104,5,25,9.18
2025,Abdul Samad,1,2,6,0,1,18.0
2025,PHKD Mendis,4,42,60,2,11,8.57
2025,Akash Deep,6,114,229,3,34,12.05
2025,Mukesh Choudhary,2,36,71,1,11,11.83
2025,Yudhvir Singh,4,66,131,4,26,11.91
2025,JD Unadkat,7,143,175,11,52,7.34
2025,JJ Bumrah,12,284,316,18,125,6.68
2025,Yash Thakur,2,39,79,1,10,12.15
2025,K Khejroliya,1,18,29,1,4,9.67
2025,A Kamboj,8,129,172,8,55,8.0
2025,AK Markram,5,66,102,4,15,9.27
2025,Washington Sundar,5,65,111,2,15,10.25
2025,E Malinga,7,160,238,13,53,8.93
2025,Shashank Singh,1,12,27,0,3,13.5
2025,KV Sharma,5,90,128,7,24,8.53
2025,A Nortje,2,42,83,1,14,11.86
2025,XC Bartlett,4,60,96,2,28,9.6
2025,RD Chahar,1,6,9,0,2,9.0
2025,Harpreet Brar,7,132,190,10,40,8.64
2025,R Shepherd,7,84,151,6,25,10.79
2025,N Wadhera,1,5,9,0,1,10.8
2025,PVD Chameera,6,102,198,4,24,11.65
2025,C Sakariya,1,18,39,0,3,13.0
2025,MP Yadav,2,48,100,2,18,12.5
2025,C Bosch,2,42,55,1,23,7.86
2025,Karim Janat,1,6,30,0,0,30.0
2025,AS Roy,1,24,27,1,8,6.75
2025,Suryansh Shedge,1,18,40,0,1,13.33
2025,Akash Madhwal,4,90,166,4,22,11.07
2025,G Coetzee,4,72,131,2,19,10.92
2025,L Ngidi,2,48,81,4,13,10.12
2025,Akash Singh,3,67,99,4,20,8.87
2025,T Natarajan,2,25,53,1,5,12.72
2025,M Tiwari,1,6,14,0,0,14.0
2025,KT Maphaka,2,30,54,1,11,10.8
2025,Mustafizur Rahman,3,66,87,4,23,7.91
2025,Harsh Dubey,3,60,98,5,18,9.8
2025,Nithish Kumar Reddy,3,30,47,2,9,9.4
2025,W O'Rourke,3,62,132,6,15,12.77
2025,A Badoni,2,10,13,2,3,7.8
2025,M Shahrukh Khan,1,6,13,1,1,13.0
2025,S Dube,1,12,33,0,1,16.5
2025,DJ Hooda,1,6,15,0,1,15.0
2025,KA Jamieson,4,90,147,5,34,9.8
2025,N Thushara,1,24,26,1,9,6.5
2025,Musheer Khan,1,12,27,1,1,13.5
2025,RJ Gleeson,1,21,39,1,5,11.14
2025,RJW Topley,1,18,40,0,6,13.33
2025,P Dubey,1,12,20,1,3,10.0
2026,JA Duffy,6,144,263,9,54,10.96
2026,B Kumar,16,378,501,28,149,7.95
2026,Abhinandan Singh,3,58,122,3,15,12.62
2026,R Shepherd,13,150,298,7,35,11.92
2026,Suyash Sharma,12,245,376,9,71,9.21
2026,KH Pandya,15,303,425,14,86,8.42
2026,Nithish Kumar Reddy,14,186,323,8,54,10.42
2026,JD Unadkat,4,77,140,4,21,10.91
2026,DA Payne,2,30,70,2,5,14.0
2026,Harsh Dubey,8,132,228,8,36,10.36
2026,E Malinga,15,326,507,20,114,9.33
2026,HV Patel,5,82,148,0,15,10.83
2026,TA Boult,5,97,188,2,25,11.63
2026,HH Pandya,9,136,259,4,39,11.43
2026,AM Ghazanfar,11,233,389,15,69,10.02
2026,JJ Bumrah,13,294,410,4,105,8.37
2026,SN Thakur,7,132,270,12,36,12.27
2026,M Markande,3,30,76,0,5,15.2
2026,VG Arora,10,228,390,11,69,10.26
2026,B Muzarabani,2,42,75,4,12,10.71
2026,CV Varun,11,246,360,11,77,8.78
2026,Kartik Tyagi,13,306,498,18,107,9.76
2026,SP Narine,13,309,340,17,133,6.6
2026,AS Roy,12,163,261,9,50,9.61
2026,JC Archer,16,360,559,25,154,9.32
2026,N Burger,13,261,440,14,100,10.11
2026,Brijesh Sharma,13,273,450,14,84,9.89
2026,Sandeep Sharma,6,118,224,5,31,11.39
2026,Ravi Bishnoi,9,156,257,11,40,9.88
2026,RA Jadeja,12,198,277,10,50,8.39
2026,MJ Henry,3,60,130,2,9,13.0
2026,KK Ahmed,5,101,146,2,40,8.67
2026,A Kamboj,14,302,530,21,112,10.53
2026,Noor Ahmad,14,306,428,13,85,8.39
2026,J Overton,10,168,249,14,55,8.89
2026,MW Short,2,19,39,0,5,12.32
2026,Arshdeep Singh,14,318,541,14,108,10.21
2026,XC Bartlett,9,201,388,5,54,11.58
2026,M Jansen,12,284,483,9,80,10.2
2026,Vijaykumar Vyshak,9,186,330,9,48,10.65
2026,YS Chahal,12,246,385,12,53,9.39
2026,Mohammed Siraj,17,372,562,19,164,9.06
2026,K Rabada,17,388,626,29,167,9.68
2026,Ashok Sharma,6,126,228,6,48,10.86
2026,Rashid Khan,17,341,516,21,109,9.08
2026,Washington Sundar,5,55,84,1,14,9.16
2026,M Prasidh Krishna,12,234,407,16,78,10.44
2026,Mukesh Kumar,10,188,353,6,61,11.27
2026,L Ngidi,11,248,340,13,94,8.23
2026,AR Patel,13,264,360,11,80,8.18
2026,T Natarajan,10,191,356,5,42,11.18
2026,Kuldeep Yadav,11,222,381,10,58,10.3
2026,V Nigam,5,54,113,2,13,12.56
2026,Mohammed Shami,13,306,459,12,127,9.0
2026,Prince Yadav,14,313,463,16,114,8.88
2026,Mohsin Khan,7,168,228,11,63,8.14
2026,A Nortje,1,24,39,0,7,9.75
2026,Shahbaz Ahmed,5,67,130,5,16,11.64
2026,AK Markram,5,36,83,0,8,13.83
2026,Abdul Samad,1,1,6,0,0,36.0
2026,Abhishek Sharma,4,29,49,0,6,10.14
2026,Shivang Kumar,13,234,375,9,62,9.62
2026,MP Stoinis,4,47,98,2,10,12.51
2026,RD Chahar,1,24,46,0,4,11.5
2026,DL Chahar,8,153,265,8,57,10.39
2026,MJ Santner,4,84,125,5,31,8.93
2026,C Bosch,6,121,195,12,44,9.67
2026,TU Deshpande,7,138,275,4,36,11.96
2026,R Parag,4,24,38,2,5,9.5
2026,DS Rathi,10,234,397,5,54,10.18
2026,M Siddharth,4,90,145,6,26,9.67
2026,Avesh Khan,7,148,273,6,42,11.07
2026,S Dube,4,30,64,1,6,12.8
2026,Navdeep Saini,1,18,37,0,5,12.33
2026,C Green,10,132,234,7,43,10.64
2026,JR Hazlewood,13,309,494,15,118,9.59
2026,TH David,1,6,18,0,1,18.0
2026,Shashank Singh,4,60,88,4,16,8.8
2026,Auqib Nabi,5,78,149,0,24,11.46
2026,AJ Hosein,7,148,198,8,58,8.03
2026,Gurjapneet Singh,8,151,233,4,46,9.26
2026,GF Linde,3,37,55,1,10,8.92
2026,Rasikh Salam,12,257,405,19,82,9.46
2026,PP Hinge,7,156,305,14,60,11.73
2026,Sakib Hussain,11,252,397,15,86,9.45
2026,Ramandeep Singh,2,16,31,1,1,11.62
2026,Mukesh Choudhary,8,168,249,8,67,8.89
2026,Yash Raj Punja,8,180,279,9,47,9.3
2026,A Badoni,1,6,14,0,0,14.0
2026,Krish Bhagat,3,36,63,0,15,10.5
2026,Ashwani Kumar,3,60,102,6,22,10.2
2026,N Rana,1,24,55,0,7,13.75
2026,D Madushanka,1,24,36,1,8,9.0
2026,MP Yadav,4,96,182,0,35,11.38
2026,JO Holder,11,230,290,17,92,7.57
2026,MJ Suthar,3,36,68,2,13,11.33
2026,PJ Cummins,8,192,307,8,67,9.59
2026,D Ferreira,3,18,41,1,2,13.67
2026,Arshad Khan,6,104,172,6,43,9.92
2026,KA Jamieson,2,42,90,2,11,12.86
2026,PVD Chameera,1,12,18,0,5,9.0
2026,LH Ferguson,3,66,141,1,20,12.82
2026,Harpreet Brar,2,48,60,2,16,7.5
2026,WG Jacks,6,53,94,2,20,10.64
2026,MA Starc,6,132,224,11,52,10.18
2026,PR Veer,1,12,25,0,5,12.5
2026,RS Ghosh,1,18,24,1,6,8.0
2026,Raghu Sharma,5,90,130,1,23,8.67
2026,R Sai Kishore,2,24,46,1,6,11.5
2026,RA Bawa,2,24,50,2,7,12.5
2026,M Tiwari,3,60,87,4,19,8.7
2026,Yash Thakur,1,24,55,2,8,13.75
2026,BJ Dwarshuis,1,24,51,1,6,12.75
2026,SR Dubey,4,77,106,5,37,8.26
2026,Azmatullah Omarzai,3,66,103,3,23,9.36
2026,Akash Singh,2,42,80,4,18,11.43
2026,SH Johnson,3,66,112,2,26,10.18
2026,M Pathirana,1,8,9,0,4,6.75
2026,T Vijay,1,12,29,0,2,14.5
2026,AF Milne,1,20,41,0,2,12.3
2026,MD Shanaka,3,36,60,1,7,10.0
2026,SS Mishra,2,38,67,2,15,10.58
2026,TM Head,1,6,7,1,1,7.0
2026,Arjun Tendulkar,1,24,36,1,6,9.0
2026,K Khejroliya,1,12,31,0,3,15.5
2008,P Kumar,13,268,366,11,109,8.19
2008,Z Khan,11,252,357,13,100,8.5
2008,AA Noffke,1,24,40,1,6,10.0
2008,JH Kallis,11,206,311,4,55,9.06
2008,SB Joshi,4,55,82,1,18,8.95
2008,CL White,1,6,24,0,0,24.0
2008,AB Dinda,12,234,260,9,116,6.67
2008,I Sharma,13,253,329,7,110,7.8
2008,AB Agarkar,9,156,207,8,66,7.96
2008,SC Ganguly,7,120,128,6,46,6.4
2008,LR Shukla,9,72,124,6,18,10.33
2008,B Lee,4,96,112,4,44,7.0
2008,S Sreesanth,15,307,442,19,132,8.64
2008,JR Hopes,11,168,276,7,52,9.86
2008,IK Pathan,14,318,350,15,150,6.6
2008,K Goel,1,12,25,0,2,12.5
2008,PP Chawla,15,281,389,17,110,8.31
2008,WA Mota,2,18,36,1,3,12.0
2008,JDP Oram,4,96,149,3,32,9.31
2008,MS Gony,16,360,443,17,154,7.38
2008,M Muralitharan,15,348,404,11,127,6.97
2008,P Amarnath,6,132,236,7,29,10.73
2008,Joginder Sharma,7,148,239,8,43,9.69
2008,GD McGrath,14,324,357,12,153,6.61
2008,B Geeves,2,48,91,1,15,11.38
2008,MF Maharoof,10,216,249,15,84,6.92
2008,R Bhatia,9,132,183,6,48,8.32
2008,DL Vettori,2,48,54,2,16,6.75
2008,MM Patel,15,330,420,14,141,7.64
2008,SR Watson,15,325,383,17,158,7.07
2008,SK Trivedi,15,288,399,13,102,8.31
2008,SK Warne,15,312,404,19,107,7.77
2008,YK Pathan,13,169,230,8,59,8.17
2008,D Salunkhe,5,47,78,1,13,9.96
2008,R Vinay Kumar,8,138,182,5,59,7.91
2008,B Akhil,6,104,134,2,34,7.73
2008,A Nehra,14,269,348,12,120,7.76
2008,SM Pollock,13,276,301,11,130,6.54
2008,DS Kulkarni,10,177,236,11,77,8.0
2008,ST Jayasuriya,8,126,159,4,36,7.57
2008,Harbhajan Singh,3,60,82,5,16,8.2
2008,AM Nayar,5,42,68,1,14,9.71
2008,M Kartik,5,88,127,3,31,8.66
2008,Mohammad Hafeez,4,60,68,2,22,6.8
2008,DJ Hussey,5,78,130,2,24,10.0
2008,WPUJC Vaas,5,102,145,5,41,8.53
2008,RP Singh,14,308,442,15,122,8.61
2008,SB Styris,8,162,199,3,61,7.37
2008,SB Bangar,9,150,219,4,55,8.76
2008,A Symonds,3,41,101,0,9,14.78
2008,PP Ojha,12,222,284,11,70,7.68
2008,Pankaj Singh,5,72,129,0,18,10.75
2008,Mohammad Asif,8,192,296,8,64,9.25
2008,VY Mahesh,11,253,370,16,94,8.77
2008,Shahid Afridi,10,180,225,9,57,7.5
2008,DJ Bravo,9,171,232,11,66,8.14
2008,VS Yeligati,2,30,59,0,6,11.8
2008,MA Khote,2,30,51,2,5,10.2
2008,D Kalyankrishna,3,48,87,2,10,10.88
2008,VRV Singh,13,288,420,11,94,8.75
2008,Sohail Tanvir,11,247,266,22,121,6.46
2008,A Kumble,10,230,304,7,85,7.93
2008,DNT Zoysa,3,66,99,2,24,9.0
2008,SD Chitnis,2,36,60,2,9,10.0
2008,Yuvraj Singh,6,54,83,3,12,9.22
2008,Shoaib Malik,5,51,85,2,15,10.0
2008,DW Steyn,10,228,252,10,116,6.63
2008,JA Morkel,13,288,399,17,100,8.31
2008,CRD Fernando,5,120,160,10,49,8.0
2008,V Kohli,4,46,61,2,7,7.96
2008,V Sehwag,7,66,133,3,18,12.09
2008,Gagandeep Singh,4,84,141,3,25,10.07
2008,Y Venugopal Rao,7,84,137,2,22,9.79
2008,Umar Gul,6,135,184,12,51,8.18
2008,PJ Sangwan,7,144,215,5,47,8.96
2008,M Ntini,9,210,242,7,99,6.91
2008,DP Vijaykumar,9,152,199,4,63,7.86
2008,DB Ravi Teja,1,12,19,1,3,9.5
2008,LPC Silva,1,6,21,0,0,21.0
2008,DJ Thornely,4,42,40,3,19,5.71
2008,RR Raje,6,98,137,5,28,8.39
2008,SK Raina,2,20,30,1,4,9.0
2008,S Vidyut,1,12,22,1,5,11.0
2008,L Balaji,9,198,286,11,60,8.67
2008,CK Kapugedera,3,17,49,0,0,17.29
2008,DR Smith,4,66,83,5,25,7.55
2008,AD Mascarenhas,1,24,29,2,8,7.25
2008,A Mishra,6,119,138,11,42,6.96
2008,Shoaib Akhtar,3,42,54,5,23,7.71
2008,Iqbal Abdulla,1,18,22,0,6,7.33
2008,RR Powar,5,72,91,3,30,7.58
2008,PM Sarvesh Kumar,2,30,42,1,11,8.4
2008,Abdur Razzak,1,12,29,0,5,14.5
2008,RA Jadeja,2,13,21,0,6,9.69
2008,TM Dilshan,1,6,3,1,3,3.0
2008,RG Sharma,1,24,25,1,6,6.25
2008,A Nel,1,18,31,1,7,10.33
2008,BAW Mendis,1,24,24,1,9,6.0
2009,MS Gony,7,102,172,5,36,10.12
2009,T Thushara,2,48,60,3,19,7.5
2009,A Flintoff,3,66,105,2,20,9.55
2009,JDP Oram,7,93,133,5,28,8.58
2009,Joginder Sharma,4,42,57,2,9,8.14
2009,SL Malinga,13,297,312,18,140,6.3
2009,Z Khan,6,126,142,6,49,6.76
2009,DJ Bravo,11,199,259,11,89,7.81
2009,RR Raje,4,41,72,1,11,10.54
2009,Harbhajan Singh,13,264,256,12,103,5.82
2009,ST Jayasuriya,9,114,163,7,28,8.58
2009,AD Mascarenhas,5,116,132,6,58,6.83
2009,Kamran Khan,5,112,139,7,40,7.45
2009,MM Patel,11,209,241,16,108,6.92
2009,T Henderson,2,36,40,1,14,6.67
2009,SK Warne,13,300,365,14,109,7.3
2009,YK Pathan,11,210,243,7,83,6.94
2009,P Kumar,13,298,394,13,121,7.93
2009,DW Steyn,3,54,62,2,27,6.89
2009,R Vinay Kumar,11,194,271,9,65,8.38
2009,JD Ryder,5,102,115,3,40,6.76
2009,A Kumble,16,355,347,21,138,5.86
2009,DP Nannes,13,297,372,15,135,7.52
2009,AM Salvi,5,102,134,4,40,7.88
2009,PJ Sangwan,13,280,360,15,112,7.71
2009,VY Mahesh,1,12,25,1,3,12.5
2009,DL Vettori,7,139,181,7,48,7.81
2009,IK Pathan,14,302,390,17,121,7.75
2009,YA Abdulla,9,168,241,14,75,8.61
2009,VS Malik,5,72,98,2,28,8.17
2009,VRV Singh,4,54,82,1,16,9.11
2009,PP Chawla,14,269,308,12,111,6.87
2009,FH Edwards,6,140,154,5,70,6.6
2009,RP Singh,16,358,417,23,169,6.99
2009,Harmeet Singh,7,137,192,3,46,8.41
2009,PP Ojha,15,321,348,18,103,6.5
2009,SB Styris,2,48,64,5,21,8.0
2009,AB Dinda,8,144,193,4,67,8.04
2009,I Sharma,11,258,297,11,130,6.91
2009,M Kartik,10,204,201,4,77,5.91
2009,SC Ganguly,6,72,97,2,17,8.08
2009,AB Agarkar,11,186,284,6,65,9.16
2009,CH Gayle,7,113,144,1,32,7.65
2009,MC Henriques,4,73,107,2,24,8.79
2009,JH Kallis,14,276,353,6,111,7.67
2009,V Kohli,3,36,46,0,10,7.67
2009,KP Pietersen,4,78,85,4,26,6.54
2009,LRPL Taylor,1,6,13,0,0,13.0
2009,L Balaji,13,224,316,13,70,8.46
2009,JA Morkel,12,240,328,13,99,8.2
2009,M Muralitharan,13,300,261,14,144,5.22
2009,LR Shukla,5,84,100,3,38,7.14
2009,RS Bopara,2,8,5,0,3,3.75
2009,A Nehra,13,306,346,19,139,6.78
2009,MK Tiwary,1,6,11,0,0,11.0
2009,Anureet Singh,2,30,47,2,16,9.4
2009,BAW Mendis,4,100,135,3,26,8.1
2009,RA Jadeja,10,140,151,6,42,6.47
2009,RR Bose,1,12,24,0,5,12.0
2009,Yuvraj Singh,9,120,142,6,48,7.1
2009,Pankaj Singh,3,42,65,2,12,9.29
2009,DS Kulkarni,8,156,206,5,65,7.92
2009,DR Smith,8,84,124,1,26,8.86
2009,RG Sharma,12,138,161,11,38,7.0
2009,Y Venugopal Rao,6,90,122,4,27,8.13
2009,A Mishra,11,253,294,14,98,6.97
2009,KP Appanna,5,72,87,2,18,7.25
2009,B Akhil,5,66,80,4,19,7.27
2009,RR Powar,8,126,132,5,49,6.29
2009,Shoaib Ahmed,7,102,152,5,33,8.94
2009,SK Raina,10,166,164,7,57,5.93
2009,BJ Hodge,9,120,161,7,34,8.05
2009,AM Nayar,4,72,84,4,27,7.0
2009,SR Tendulkar,4,36,58,0,4,9.67
2009,TM Dilshan,8,96,98,0,33,6.12
2009,RE van der Merwe,10,204,248,9,53,7.29
2009,JP Duminy,6,105,93,4,44,5.31
2009,K Goel,4,48,61,0,16,7.62
2009,WA Mota,5,54,61,3,21,6.78
2009,SK Trivedi,7,120,152,6,43,7.6
2009,S Tyagi,8,114,136,5,59,7.16
2009,GR Napier,1,24,27,1,8,6.75
2009,SM Harwood,3,60,73,3,33,7.3
2009,AS Raut,4,24,36,0,4,9.0
2009,R Bhatia,7,130,146,10,42,6.74
2009,SB Jakati,8,174,217,13,61,7.48
2009,D du Preez,2,42,56,4,18,8.0
2009,RJ Harris,8,186,230,6,84,7.42
2009,TL Suman,5,90,108,5,31,7.2
2009,S Sreesanth,7,138,192,6,62,8.35
2009,A Singh,5,105,95,9,56,5.43
2009,M Morkel,2,42,40,0,20,5.71
2009,LA Carseldine,1,6,6,1,4,6.0
2009,B Lee,5,120,111,5,69,5.55
2009,A Symonds,8,144,160,7,65,6.67
2009,A Mithun,1,24,42,0,7,10.5
2009,C Nanda,3,48,57,2,13,7.12
2009,SS Sarkar,2,25,34,1,4,8.16
2009,WPUJC Vaas,2,48,71,4,24,8.88
2009,AD Mathews,1,14,31,0,2,13.29
2009,DJ Hussey,3,24,34,0,7,8.5
2009,AM Rahane,1,6,5,1,2,5.0
2009,J Botha,3,72,74,3,30,6.17
2009,MF Maharoof,3,60,65,4,27,6.5
2009,Mashrafe Mortaza,1,24,58,0,6,14.5
2009,AB McDonald,1,18,22,0,2,7.33
2009,Y Nagar,1,12,20,2,3,10.0
2009,CK Langeveldt,1,24,15,3,16,3.75
2009,R Ashwin,1,24,13,2,11,3.25
2009,RA Shaikh,1,6,11,0,1,11.0
2009,Jaskaran Singh,1,18,32,0,8,10.67
2009,V Sehwag,1,6,25,0,1,25.0
2010,WPUJC Vaas,6,132,139,9,63,6.32
2010,RP Singh,12,252,370,13,98,8.81
2010,Jaskaran Singh,6,84,139,6,31,9.93
2010,PP Ojha,16,353,429,21,133,7.29
2010,A Symonds,16,318,372,12,106,7.02
2010,TL Suman,2,12,24,0,2,12.0
2010,CK Langeveldt,3,66,88,5,26,8.0
2010,I Sharma,7,150,236,7,54,9.44
2010,LR Shukla,4,72,106,3,19,8.83
2010,M Kartik,10,234,253,9,77,6.49
2010,AD Mathews,12,225,314,8,58,8.37
2010,BJ Hodge,4,30,41,2,8,8.2
2010,AD Mascarenhas,2,48,65,4,16,8.12
2010,SW Tait,8,187,264,10,70,8.47
2010,Kamran Khan,3,36,53,3,18,8.83
2010,A Uniyal,2,36,66,2,8,11.0
2010,SK Warne,14,300,381,11,93,7.62
2010,AA Jhunjhunwala,5,37,69,0,12,11.19
2010,YK Pathan,11,204,246,5,60,7.24
2010,Z Khan,14,290,376,15,107,7.78
2010,R McLaren,10,204,270,4,69,7.94
2010,SL Malinga,13,294,344,15,116,7.02
2010,AG Murtaza,3,72,91,3,23,7.58
2010,R Sathish,4,48,81,2,14,10.12
2010,ST Jayasuriya,4,54,68,2,19,7.56
2010,DP Nannes,9,206,224,7,89,6.52
2010,MF Maharoof,7,144,206,8,54,8.58
2010,PJ Sangwan,8,186,258,9,70,8.32
2010,A Mishra,14,318,363,17,131,6.85
2010,VY Mahesh,1,18,23,1,5,7.67
2010,TM Dilshan,4,49,70,3,18,8.57
2010,IK Pathan,14,278,426,15,98,9.19
2010,S Sreesanth,6,114,191,3,44,10.05
2010,YA Abdulla,2,41,66,1,13,9.66
2010,PP Chawla,14,294,367,12,94,7.49
2010,Yuvraj Singh,10,138,152,5,45,6.61
2010,RR Powar,7,138,160,3,62,6.96
2010,SC Ganguly,3,24,43,0,2,10.75
2010,RS Gavaskar,1,6,8,0,2,8.0
2010,P Kumar,12,270,380,10,109,8.44
2010,JH Kallis,16,342,476,13,118,8.35
2010,DW Steyn,15,354,406,15,164,6.88
2010,A Kumble,16,380,407,17,151,6.43
2010,RE van der Merwe,1,24,27,2,8,6.75
2010,V Kohli,4,32,50,0,7,9.38
2010,JA Morkel,14,286,405,11,97,8.5
2010,S Tyagi,6,95,159,1,34,10.04
2010,M Muralitharan,12,292,339,16,123,6.97
2010,R Ashwin,12,288,293,13,124,6.1
2010,L Balaji,7,140,207,7,50,8.87
2010,JM Kemp,5,44,54,3,15,7.36
2010,RG Sharma,9,114,153,2,32,8.05
2010,S Ladda,5,90,143,4,34,9.53
2010,MM Patel,4,78,118,3,31,9.08
2010,R Vinay Kumar,14,277,396,16,101,8.58
2010,Bipul Sharma,4,60,94,3,14,9.4
2010,RS Bopara,5,78,127,5,21,9.77
2010,SE Bond,8,186,224,9,75,7.23
2010,MS Gony,3,48,92,1,17,11.5
2010,SK Raina,12,143,178,6,40,7.47
2010,DJ Bravo,10,157,228,4,48,8.71
2010,KA Pollard,12,222,274,15,58,7.41
2010,Harbhajan Singh,14,321,377,17,102,7.05
2010,M Morkel,2,42,66,0,15,9.43
2010,S Narwal,5,94,185,5,31,11.81
2010,Joginder Sharma,3,48,89,2,14,11.12
2010,UT Yadav,7,144,184,6,55,7.67
2010,R Bhatia,5,96,132,3,23,8.25
2010,SJ Srivastava,8,162,255,6,54,9.44
2010,AB Dinda,7,139,152,9,64,6.56
2010,SK Trivedi,10,213,260,11,69,7.32
2010,AC Voges,7,54,76,0,15,8.44
2010,Y Nagar,1,18,28,1,7,9.33
2010,MC Henriques,1,24,35,1,10,8.75
2010,R Sharma,6,124,167,5,40,8.08
2010,J Theron,7,149,196,8,46,7.89
2010,CH Gayle,6,96,152,4,29,9.5
2010,SB Jakati,11,228,291,13,82,7.66
2010,NLTC Perera,1,6,19,0,0,19.0
2010,B Lee,4,87,149,0,20,10.28
2010,VS Malik,3,43,62,1,16,8.65
2010,AB Agarkar,7,132,203,4,40,9.23
2010,Iqbal Abdulla,3,51,61,1,18,7.18
2010,DJ Hussey,5,60,80,0,13,8.0
2010,AB McDonald,4,84,138,5,21,9.86
2010,T Thushara,4,87,101,5,38,6.97
2010,KAJ Roach,2,48,80,0,20,10.0
2010,PD Collingwood,6,89,101,5,24,6.81
2010,K Goel,1,6,7,0,1,7.0
2010,C Ganapathy,1,6,13,0,1,13.0
2010,KP Pietersen,6,60,77,3,18,7.7
2010,V Sehwag,3,34,23,3,18,4.06
2010,Harmeet Singh,8,144,174,8,59,7.25
2010,Y Venugopal Rao,1,6,10,0,1,10.0
2010,MB Parmar,1,18,33,0,4,11.0
2010,SR Watson,6,132,184,6,61,8.36
2010,SB Wagh,1,6,16,1,2,16.0
2010,DE Bollinger,8,186,207,12,94,6.68
2010,RJ Harris,8,184,233,14,81,7.6
2010,JD Unadkat,3,62,85,4,20,8.23
2010,A Mithun,1,18,39,1,2,13.0
2010,KP Appanna,2,42,51,1,15,7.29
2010,CL White,1,6,19,0,2,19.0
2010,DL Vettori,3,70,97,2,21,8.31
2010,DR Smith,2,23,36,1,6,9.39
2010,AP Dole,3,66,112,5,20,10.18
2010,AN Ahmed,1,12,26,0,3,13.0
2010,FY Fazal,2,12,20,0,1,10.0
2010,BAW Mendis,2,48,66,2,12,8.25
2010,MR Marsh,3,60,88,2,24,8.8
2010,L Ablish,2,24,36,3,7,9.0
2010,JP Duminy,2,33,37,1,13,6.73
2010,S Sriram,1,12,24,0,2,12.0
2010,A Nehra,4,84,96,6,37,6.86
2010,DS Kulkarni,1,24,40,1,10,10.0
2010,CRD Fernando,5,114,138,7,50,7.26
2010,Pankaj Singh,2,48,81,2,21,10.12
2010,AJ Finch,1,7,5,0,3,4.29
2010,VRV Singh,1,18,40,0,4,13.33
2010,MK Tiwary,1,6,11,1,2,11.0
2010,STR Binny,1,6,9,0,0,9.0
2010,ND Doshi,1,24,17,1,14,4.25
2010,B Akhil,1,6,6,0,3,6.0
2011,Iqbal Abdulla,15,300,305,16,131,6.1
2011,YK Pathan,14,234,238,13,93,6.1
2011,L Balaji,14,266,371,10,89,8.37
2011,JH Kallis,9,144,170,7,54,7.08
2011,S Ladda,2,24,42,0,8,10.5
2011,R Bhatia,12,192,210,8,56,6.56
2011,JA Morkel,14,270,382,15,102,8.49
2011,TG Southee,5,114,166,4,43,8.74
2011,R Ashwin,16,378,388,20,157,6.16
2011,S Randiv,8,174,223,6,60,7.69
2011,SB Jakati,14,265,336,10,80,7.61
2011,SK Raina,12,165,201,4,62,7.31
2011,JDP Oram,2,24,45,1,8,11.25
2011,A Singh,9,171,215,9,75,7.54
2011,J Botha,10,216,239,7,81,6.64
2011,SK Trivedi,12,214,303,10,66,8.5
2011,SK Warne,12,282,297,13,117,6.32
2011,AL Menaria,9,90,121,2,30,8.07
2011,STR Binny,3,24,44,0,1,11.0
2011,PP Ojha,10,221,267,10,86,7.25
2011,DW Steyn,12,273,299,14,134,6.57
2011,I Sharma,12,264,314,11,121,7.14
2011,DT Christian,14,274,350,11,109,7.66
2011,A Mishra,14,320,358,19,130,6.71
2011,Z Khan,15,354,455,14,141,7.71
2011,DP Nannes,2,24,31,2,11,7.75
2011,DL Vettori,13,310,311,12,119,6.02
2011,TM Dilshan,6,72,108,1,16,9.0
2011,A Mithun,12,204,321,5,67,9.44
2011,V Kohli,10,102,139,2,23,8.18
2011,AUK Pathan,2,33,49,0,7,8.91
2011,RP Singh,14,300,345,13,135,6.9
2011,S Sreesanth,9,191,206,7,94,6.47
2011,RA Jadeja,14,252,305,8,90,7.26
2011,R Vinay Kumar,13,268,335,12,103,7.5
2011,M Muralitharan,5,114,141,2,46,7.42
2011,RV Gomez,8,90,124,5,33,8.27
2011,Harbhajan Singh,15,318,370,14,127,6.98
2011,SL Malinga,16,378,375,28,183,5.95
2011,AG Murtaza,5,120,117,3,56,5.85
2011,MM Patel,15,326,358,22,145,6.59
2011,KA Pollard,16,255,361,10,73,8.49
2011,JEC Franklin,6,61,99,3,14,9.74
2011,AB Dinda,5,102,152,5,41,8.94
2011,M Morkel,11,258,325,13,115,7.56
2011,IK Pathan,13,275,344,11,124,7.51
2011,UT Yadav,6,108,169,2,36,9.39
2011,RE van der Merwe,4,89,92,5,36,6.2
2011,AJ Finch,1,12,13,0,5,6.5
2011,AC Thomas,11,231,297,11,96,7.71
2011,SB Wagh,7,96,121,4,43,7.56
2011,WD Parnell,8,176,213,9,75,7.26
2011,M Kartik,6,125,166,1,40,7.97
2011,JD Ryder,7,92,118,4,29,7.7
2011,M Manhas,3,42,42,0,15,6.0
2011,R Sharma,14,300,273,16,128,5.46
2011,P Kumar,13,276,345,10,137,7.5
2011,NJ Rimmington,1,18,19,0,9,6.33
2011,R McLaren,6,108,178,5,30,9.89
2011,PP Chawla,12,248,336,16,93,8.13
2011,AM Nayar,6,61,95,2,15,9.34
2011,DB Ravi Teja,1,6,9,0,1,9.0
2011,JP Duminy,8,108,143,4,44,7.94
2011,JD Unadkat,6,108,150,6,40,8.33
2011,RN ten Doeschate,1,6,7,0,0,7.0
2011,SW Tait,4,89,127,6,42,8.56
2011,S Nadeem,5,114,142,4,37,7.47
2011,RJ Harris,13,282,382,16,111,8.13
2011,BA Bhatt,8,167,229,9,55,8.23
2011,SB Styris,1,6,13,0,1,13.0
2011,Yuvraj Singh,13,174,192,9,61,6.62
2011,BJ Hodge,4,66,77,7,28,7.0
2011,JJ van der Wath,3,72,129,3,29,10.75
2011,S Aravind,13,276,368,21,115,8.0
2011,R Ninan,2,36,65,3,8,10.83
2011,MS Gony,3,54,85,4,17,9.44
2011,B Lee,12,272,338,5,108,7.46
2011,Shakib Al Hasan,7,153,175,11,59,6.86
2011,SR Watson,10,216,241,6,78,6.69
2011,ND Doshi,3,32,62,1,10,11.62
2011,NLTC Perera,4,84,111,2,24,7.93
2011,RR Powar,5,72,112,2,22,9.33
2011,R Sathish,4,31,41,0,7,7.94
2011,VS Malik,1,12,13,0,3,6.5
2011,PC Valthaty,9,145,189,7,43,7.82
2011,Y Venugopal Rao,2,12,26,0,3,13.0
2011,JR Hopes,9,192,272,7,53,8.5
2011,AA Jhunjhunwala,2,12,22,0,1,11.0
2011,DE Bollinger,13,282,329,17,114,7.0
2011,Y Nagar,5,30,67,1,5,13.4
2011,Harmeet Singh,2,42,53,3,17,7.57
2011,S Dhawan,2,12,11,1,5,5.5
2011,AN Ahmed,6,120,169,5,40,8.45
2011,AS Raut,1,6,8,0,2,8.0
2011,Joginder Sharma,1,18,34,0,5,11.33
2011,RG Sharma,3,24,53,0,4,13.25
2011,J Syed Mohammad,5,90,127,5,29,8.47
2011,CH Gayle,12,216,244,8,80,6.78
2011,MK Tiwary,2,12,23,0,4,11.5
2011,SJ Srivastava,6,120,186,8,49,9.3
2011,DJ Hussey,2,18,38,1,4,12.67
2011,VR Aaron,3,72,82,2,31,6.83
2011,AB Agarkar,7,162,231,8,46,8.56
2011,NL McCullum,2,30,34,0,10,6.8
2011,JE Taylor,5,117,157,6,48,8.05
2011,KMDN Kulasekara,1,18,26,1,7,8.67
2011,MR Marsh,5,85,99,7,25,6.99
2011,Kamran Khan,1,18,47,0,5,15.67
2011,B Akhil,1,12,22,0,4,11.0
2011,Bipul Sharma,4,72,78,4,27,6.5
2011,TL Suman,3,36,50,0,7,8.33
2011,A Symonds,3,24,41,1,10,10.25
2011,P Parameswaran,5,94,137,4,41,8.74
2011,DS Kulkarni,6,120,149,5,42,7.45
2011,AM Salvi,2,48,66,3,17,8.25
2011,I Malhotra,1,6,23,0,0,23.0
2011,B Chipli,1,6,20,0,1,20.0
2011,L Ablish,1,18,39,0,3,13.0
2011,B Kumar,4,66,67,3,28,6.09
2011,DJ Bravo,6,120,157,6,40,7.85
2011,CK Langeveldt,3,66,84,5,27,7.64
2011,AA Kazi,1,12,21,0,2,10.5
2011,Pankaj Singh,1,12,23,0,3,11.5
2011,LRPL Taylor,1,6,11,0,0,11.0
2011,AB McDonald,1,12,23,0,5,11.5
2011,Anand Rajan,2,30,50,3,15,10.0
2011,S Sriram,1,6,25,0,0,25.0
2011,P Prasanth,1,6,18,0,3,18.0
2011,Y Gnaneswara Rao,1,6,7,0,3,7.0
2011,AA Chavan,2,30,27,0,17,5.4
2011,S Rana,1,4,2,0,2,3.0
2011,JP Faulkner,1,12,9,1,7,4.5
2011,SS Mundhe,1,6,6,1,4,6.0
2011,RW Price,1,18,33,0,1,11.0
2012,SL Malinga,14,333,350,22,145,6.31
2012,AN Ahmed,1,12,17,0,5,8.5
2012,Harbhajan Singh,16,324,384,6,117,7.11
2012,JEC Franklin,9,90,121,6,25,8.07
2012,PP Ojha,9,180,220,9,66,7.33
2012,KA Pollard,14,263,350,16,85,7.98
2012,JA Morkel,15,297,385,13,118,7.78
2012,DE Bollinger,6,108,157,8,46,8.72
2012,R Ashwin,18,395,431,14,141,6.55
2012,RA Jadeja,14,210,273,12,65,7.8
2012,DJ Bravo,18,346,462,15,110,8.01
2012,SB Jakati,15,246,336,9,76,8.2
2012,IK Pathan,17,360,465,8,145,7.75
2012,RE van der Merwe,3,60,60,2,26,6.0
2012,M Morkel,16,378,453,25,154,7.19
2012,UT Yadav,17,366,453,19,145,7.43
2012,GJ Maxwell,2,18,22,1,6,7.33
2012,S Nadeem,12,270,318,8,88,7.07
2012,B Lee,10,228,299,7,99,7.87
2012,M de Lange,3,60,107,3,17,10.7
2012,Iqbal Abdulla,8,132,144,4,46,6.55
2012,JH Kallis,16,324,403,15,112,7.46
2012,R Bhatia,16,319,389,13,82,7.32
2012,YK Pathan,12,132,182,3,46,8.27
2012,MM Patel,12,280,367,15,123,7.86
2012,M Kartik,11,216,266,4,76,7.39
2012,AB Dinda,7,144,169,9,61,7.04
2012,MN Samuels,8,172,216,8,66,7.53
2012,WD Parnell,6,126,128,5,51,6.1
2012,R Sharma,11,222,300,9,72,8.11
2012,B Kumar,11,234,281,8,86,7.21
2012,P Kumar,16,378,434,9,168,6.89
2012,JP Faulkner,2,48,72,3,14,9.0
2012,PP Chawla,16,342,419,16,124,7.35
2012,Bipul Sharma,3,46,79,0,13,10.3
2012,Harmeet Singh,7,134,191,7,40,8.55
2012,PC Valthaty,1,6,16,0,1,16.0
2012,SK Trivedi,14,312,380,13,90,7.31
2012,J Botha,11,246,297,9,87,7.24
2012,A Singh,9,197,310,10,58,9.44
2012,KK Cooper,6,144,174,10,52,7.25
2012,BJ Hodge,2,12,21,1,2,10.5
2012,AA Chavan,8,164,236,7,55,8.63
2012,DAJ Bracewell,1,24,32,3,10,8.0
2012,Z Khan,15,360,453,17,146,7.55
2012,R Vinay Kumar,14,335,480,19,123,8.6
2012,AB McDonald,3,60,61,5,18,6.1
2012,DL Vettori,9,210,236,5,66,6.74
2012,M Muralitharan,10,240,260,15,82,6.5
2012,HV Patel,11,246,340,9,78,8.29
2012,Ankit Sharma,9,145,165,4,62,6.83
2012,DW Steyn,12,280,285,18,138,6.11
2012,MS Gony,6,144,207,3,58,8.62
2012,DT Christian,7,162,233,8,51,8.63
2012,DJ Harris,2,18,26,0,4,8.67
2012,TP Sudhindra,3,70,136,1,18,11.66
2012,SK Raina,7,84,105,2,21,7.5
2012,F du Plessis,1,6,16,0,0,16.0
2012,SP Narine,15,355,324,24,164,5.48
2012,AD Mascarenhas,4,96,105,7,35,6.56
2012,A Nehra,13,288,402,11,99,8.38
2012,JD Ryder,4,42,70,1,10,10.0
2012,Anand Rajan,4,71,109,3,18,9.21
2012,A Mishra,14,282,377,13,89,8.02
2012,CL White,2,18,27,0,1,9.0
2012,V Kohli,2,18,49,0,2,16.33
2012,L Balaji,8,180,162,11,83,5.4
2012,RN ten Doeschate,1,18,24,1,2,8.0
2012,Shakib Al Hasan,8,180,195,12,68,6.5
2012,KP Pietersen,3,36,53,0,10,8.83
2012,GB Hogg,9,216,253,10,73,7.03
2012,RR Bhatkal,1,12,35,0,0,17.5
2012,P Awana,12,282,372,17,112,7.91
2012,AD Mathews,9,156,192,7,50,7.38
2012,AL Menaria,3,20,23,1,10,6.9
2012,AB Agarkar,4,86,134,3,20,9.35
2012,V Pratap Singh,9,204,296,10,71,8.71
2012,JP Duminy,6,72,104,1,22,8.67
2012,KMDN Kulasekara,4,84,94,4,38,6.71
2012,VY Mahesh,4,56,81,3,18,8.68
2012,JD Unadkat,1,18,32,0,2,10.67
2012,BA Bhatt,5,99,136,2,26,8.24
2012,S Aravind,1,18,48,0,5,16.0
2012,CH Gayle,3,28,66,0,5,14.14
2012,Pankaj Singh,6,126,170,7,57,8.1
2012,RP Singh,11,246,318,10,103,7.76
2012,CJ McKay,2,42,60,1,14,8.57
2012,TM Dilshan,5,42,77,0,9,11.0
2012,KP Appanna,6,102,148,6,35,8.71
2012,AD Russell,4,96,161,1,28,10.06
2012,VR Aaron,8,186,271,8,73,8.74
2012,S Dhawan,4,36,55,3,12,9.17
2012,A Ashish Reddy,9,163,237,11,55,8.72
2012,Azhar Mahmood,11,256,329,14,95,7.71
2012,STR Binny,6,60,78,3,15,7.8
2012,V Sehwag,3,24,45,0,7,11.25
2012,Y Nagar,1,6,10,0,1,10.0
2012,AC Thomas,4,84,109,3,30,7.79
2012,SC Ganguly,4,60,95,2,10,9.5
2012,DJ Hussey,6,54,63,3,14,7.0
2012,NLTC Perera,2,15,27,0,2,10.8
2012,A Chandila,4,84,86,5,39,6.14
2012,P Negi,6,132,152,7,49,6.91
2012,LJ Wright,1,12,24,0,2,12.0
2012,RJ Peterson,4,48,70,3,21,8.75
2012,J Theron,2,48,66,2,18,8.25
2012,R Shukla,1,18,31,0,5,10.33
2012,LR Shukla,2,12,12,1,5,6.0
2012,SR Watson,7,138,161,6,62,7.0
2012,RJ Harris,5,108,130,8,48,7.22
2012,AM Nayar,1,6,16,0,0,16.0
2012,AUK Pathan,1,6,14,0,2,14.0
2012,MJ Clarke,5,66,67,2,22,6.09
2012,AA Jhunjhunwala,3,36,38,1,14,6.33
2012,BW Hilfenhaus,9,204,233,14,103,6.85
2012,SW Tait,6,137,151,6,65,6.61
2012,DR Smith,6,78,95,2,28,7.31
2012,A Mithun,1,18,33,0,5,11.0
2012,P Parameswaran,3,60,87,5,23,8.7
2012,J Syed Mohammad,2,42,65,0,8,9.29
2012,PJ Sangwan,1,24,42,1,5,10.5
2012,SPD Smith,1,2,5,0,0,15.0
2012,RR Powar,1,18,32,0,3,10.67
2012,RG Sharma,1,6,16,0,1,16.0
2012,K Upadhyay,1,24,33,0,10,8.25
2012,Y Venugopal Rao,2,12,26,0,3,13.0
2012,AG Murtaza,1,12,11,0,5,5.5
2012,DS Kulkarni,2,48,64,6,23,8.0
2012,Sunny Gupta,1,18,47,0,0,15.67
2013,B Lee,3,72,86,4,34,7.17
2013,JH Kallis,15,318,394,16,112,7.43
2013,L Balaji,13,300,387,12,113,7.74
2013,SP Narine,16,384,350,22,180,5.47
2013,R Bhatia,15,263,332,11,59,7.57
2013,LR Shukla,2,18,22,1,7,7.33
2013,IK Pathan,15,308,382,10,134,7.44
2013,A Nehra,10,216,316,11,84,8.78
2013,UT Yadav,16,353,523,16,127,8.89
2013,S Nadeem,12,264,259,9,95,5.89
2013,J Botha,6,100,109,5,37,6.54
2013,AD Russell,3,42,68,0,10,9.71
2013,MG Johnson,17,384,459,24,188,7.17
2013,MM Patel,4,90,137,3,32,9.13
2013,JJ Bumrah,2,42,70,3,16,10.0
2013,JDP Oram,1,24,22,0,11,5.5
2013,Harbhajan Singh,19,420,456,24,163,6.51
2013,KA Pollard,14,186,292,10,60,9.42
2013,JD Unadkat,13,294,370,13,102,7.55
2013,DT Christian,2,36,55,0,14,9.17
2013,R Vinay Kumar,16,367,513,23,124,8.39
2013,M Muralitharan,6,138,177,3,42,7.7
2013,M Kartik,11,234,284,9,71,7.28
2013,MN Samuels,1,24,34,1,8,8.5
2013,B Kumar,16,342,371,13,167,6.51
2013,AB Dinda,13,294,465,16,105,9.49
2013,AD Mathews,10,186,240,5,50,7.74
2013,R Sharma,11,246,281,9,85,6.85
2013,Yuvraj Singh,10,132,152,6,39,6.91
2013,DW Steyn,17,413,399,19,211,5.8
2013,I Sharma,16,358,466,15,160,7.81
2013,NLTC Perera,16,358,478,19,136,8.01
2013,A Mishra,17,372,394,21,151,6.35
2013,CL White,2,12,16,1,5,8.0
2013,A Ashish Reddy,5,40,70,3,10,10.5
2013,S Badree,1,24,34,0,7,8.5
2013,S Sreesanth,7,130,163,5,67,7.52
2013,SK Trivedi,17,359,410,12,122,6.85
2013,KK Cooper,14,324,449,19,98,8.31
2013,R Shukla,3,48,79,3,15,9.88
2013,STR Binny,14,144,162,6,57,6.75
2013,DP Nannes,5,119,158,4,50,7.97
2013,AS Rajpoot,2,24,35,1,8,8.75
2013,DJ Bravo,18,375,497,32,135,7.95
2013,B Laughlin,2,42,71,1,9,10.14
2013,RA Jadeja,15,259,323,13,95,7.48
2013,R Ashwin,18,348,390,15,121,6.72
2013,PP Ojha,15,314,381,16,108,7.28
2013,P Kumar,15,338,373,12,155,6.62
2013,RJ Harris,3,72,72,1,40,6.0
2013,Azhar Mahmood,11,263,330,15,99,7.53
2013,P Awana,14,324,412,15,133,7.63
2013,PP Chawla,16,350,418,11,117,7.17
2013,MR Marsh,7,116,182,7,35,9.41
2013,GH Vihari,5,36,38,1,17,6.33
2013,Ankit Sharma,1,12,17,0,5,8.5
2013,MC Henriques,8,127,185,7,50,8.74
2013,TM Dilshan,1,6,10,0,0,10.0
2013,Mohammed Shami,3,54,78,1,21,8.67
2013,SW Tait,3,60,98,1,23,9.8
2013,M Morkel,10,240,335,7,91,8.38
2013,BMAJ Mendis,2,30,36,1,11,7.2
2013,SL Malinga,17,392,468,20,147,7.16
2013,CH Morris,16,300,401,15,113,8.02
2013,R Sathish,3,24,51,0,1,12.75
2013,RP Singh,11,239,335,13,88,8.41
2013,R McLaren,2,42,94,3,17,13.43
2013,PJ Sangwan,2,24,51,0,7,12.75
2013,Harmeet Singh,4,92,121,6,39,7.89
2013,JP Faulkner,16,379,427,28,161,6.76
2013,Anand Rajan,2,48,42,2,24,5.25
2013,S Kaul,6,131,170,4,44,7.79
2013,AJ Finch,3,24,49,1,5,12.25
2013,R Dhawan,5,90,109,2,34,7.27
2013,MM Sharma,15,304,326,20,161,6.43
2013,R Rampaul,10,232,272,15,112,7.03
2013,J Syed Mohammad,4,60,91,3,10,9.1
2013,KV Sharma,13,209,230,11,88,6.6
2013,SMSM Senanayake,8,192,209,9,73,6.53
2013,A Chandila,8,150,156,6,64,6.24
2013,AM Nayar,3,48,59,2,13,7.38
2013,MS Gony,8,168,256,7,62,9.14
2013,DJ Hussey,4,66,91,0,19,8.27
2013,AB McDonald,1,12,17,1,4,8.5
2013,AA Chavan,3,54,63,1,28,7.0
2013,V Sehwag,1,6,9,0,0,9.0
2013,AB Agarkar,4,60,92,0,17,9.2
2013,JA Morkel,7,144,159,7,59,6.62
2013,AD Mascarenhas,1,24,25,0,7,6.25
2013,YK Pathan,5,54,73,1,14,8.11
2013,SR Watson,13,250,298,13,101,7.15
2013,RE van der Merwe,3,66,71,3,25,6.45
2013,DR Smith,3,30,59,2,7,11.8
2013,BAW Mendis,3,72,78,2,29,6.5
2013,LJ Wright,5,59,100,2,12,10.17
2013,JO Holder,6,120,168,2,47,8.4
2013,IC Pandey,2,24,50,1,7,12.5
2013,AG Murtaza,3,60,94,3,17,9.4
2013,CH Gayle,4,24,40,3,10,10.0
2013,Sandeep Sharma,4,96,119,8,41,7.44
2013,YS Chahal,1,24,34,0,8,8.5
2013,Iqbal Abdulla,5,113,142,7,41,7.54
2013,DJG Sammy,9,134,168,8,50,7.52
2013,S Ladda,1,12,18,1,3,9.0
2013,BA Bhatt,2,30,32,1,12,6.4
2013,DS Kulkarni,6,112,151,8,53,8.09
2013,KW Richardson,3,71,101,2,28,8.54
2013,RG Sharma,2,8,6,0,3,4.5
2013,SK Raina,2,12,23,1,2,11.5
2013,TL Suman,1,12,15,1,3,7.5
2013,S Narwal,1,12,17,0,6,8.5
2013,GB Hogg,1,20,31,0,5,9.3
2013,Z Khan,2,36,47,5,18,7.83
2013,P Suyal,1,18,21,1,9,7.0
2013,K Upadhyay,2,30,48,0,10,9.6
2013,WD Parnell,4,89,137,6,33,9.24
2013,PV Tambe,3,66,88,1,20,8.0
2013,P Negi,1,24,28,0,3,7.0
2013,BJ Rohrer,1,6,12,0,1,12.0
2013,AN Ahmed,2,42,45,3,21,6.43
2013,Bipul Sharma,1,24,21,1,11,5.25
2013,Parvez Rasool,2,30,28,1,12,5.6
2013,RN ten Doeschate,3,18,24,0,4,8.0
2013,GJ Maxwell,2,12,23,0,2,11.5
2013,A Mithun,1,24,37,1,9,9.25
2013,VS Malik,3,60,59,2,30,5.9
2013,RV Gomez,1,6,5,0,4,5.0
2013,MG Neser,1,24,62,0,5,15.5
2013,BJ Hodge,1,6,3,0,3,3.0
2013,NM Coulter-Nile,1,24,29,1,11,7.25
2013,AC Gilchrist,1,1,0,1,1,0.0
2014,Z Khan,6,134,146,5,56,6.54
2014,SL Malinga,10,235,253,16,99,6.46
2014,CJ Anderson,9,108,184,4,35,10.22
2014,PP Ojha,12,276,380,4,100,8.26
2014,Harbhajan Singh,14,330,356,14,138,6.47
2014,KA Pollard,12,150,262,2,33,10.48
2014,R Vinay Kumar,9,192,281,7,56,8.78
2014,M Morkel,12,288,367,12,148,7.65
2014,SP Narine,16,390,418,21,157,6.43
2014,Shakib Al Hasan,13,300,334,11,113,6.68
2014,JH Kallis,8,132,186,4,39,8.45
2014,PP Chawla,11,237,303,14,79,7.67
2014,MA Starc,14,322,402,14,127,7.49
2014,JA Morkel,6,96,126,4,40,7.88
2014,VR Aaron,10,220,299,16,90,8.15
2014,YS Chahal,14,330,386,12,115,7.02
2014,AB Dinda,9,186,270,5,64,8.71
2014,Yuvraj Singh,10,136,187,5,33,8.25
2014,JP Duminy,11,198,240,3,60,7.27
2014,Mohammed Shami,12,264,369,7,102,8.39
2014,WD Parnell,8,181,223,6,82,7.39
2014,S Nadeem,11,228,311,8,66,8.18
2014,R Sharma,2,36,65,1,9,10.83
2014,JDS Neesham,4,54,91,1,14,10.11
2014,AR Patel,17,396,405,17,157,6.14
2014,P Awana,7,141,245,7,48,10.43
2014,MG Johnson,14,321,444,17,135,8.3
2014,L Balaji,9,204,299,12,72,8.79
2014,R Dhawan,13,284,365,13,85,7.71
2014,GJ Maxwell,7,66,132,1,14,12.0
2014,A Nehra,4,90,142,8,30,9.47
2014,MM Sharma,16,323,452,23,118,8.4
2014,R Ashwin,16,359,437,16,130,7.3
2014,P Negi,2,42,75,0,8,10.71
2014,RA Jadeja,16,326,443,19,102,8.15
2014,DR Smith,5,60,95,4,15,9.5
2014,DS Kulkarni,8,162,221,6,70,8.19
2014,KW Richardson,7,162,206,9,62,7.63
2014,JP Faulkner,13,264,429,11,72,9.75
2014,PV Tambe,13,294,356,15,89,7.27
2014,R Bhatia,12,228,283,12,56,7.45
2014,STR Binny,8,54,64,3,18,7.11
2014,DW Steyn,14,336,431,11,145,7.7
2014,B Kumar,14,319,354,20,152,6.66
2014,I Sharma,3,66,101,3,26,9.18
2014,DJG Sammy,8,84,157,3,20,11.21
2014,A Mishra,10,225,340,7,66,9.07
2014,KV Sharma,14,304,376,15,114,7.42
2014,JJ Bumrah,11,238,301,5,92,7.59
2014,NM Coulter-Nile,1,24,27,2,12,6.75
2014,JD Unadkat,9,187,270,9,59,8.66
2014,M Kartik,2,48,91,1,10,11.38
2014,M Vijay,1,6,13,0,2,13.0
2014,IC Pandey,12,252,318,6,112,7.57
2014,BW Hilfenhaus,8,168,246,8,70,8.79
2014,IK Pathan,10,142,205,4,41,8.66
2014,Sandeep Sharma,11,241,354,18,109,8.81
2014,TG Southee,3,60,76,0,25,7.6
2014,SR Watson,9,126,165,7,57,7.86
2014,SK Raina,8,108,134,1,34,7.44
2014,M Muralitharan,5,96,124,3,36,7.75
2014,UT Yadav,12,270,367,11,95,8.16
2014,LR Shukla,5,56,83,1,22,8.89
2014,Y Venugopal Rao,2,12,16,0,3,8.0
2014,R Rampaul,2,36,37,1,18,6.17
2014,RG Sharma,2,18,26,1,4,8.67
2014,Iqbal Abdulla,1,12,17,0,2,8.5
2014,AD Russell,2,30,52,1,6,10.4
2014,HV Patel,3,66,113,4,22,10.27
2014,RN ten Doeschate,4,30,35,1,13,7.0
2014,R Tewatia,3,54,59,2,21,6.56
2014,P Suyal,1,18,35,1,8,11.67
2014,SA Yadav,1,6,8,0,2,8.0
2014,S Kaul,5,78,126,2,24,9.69
2014,MC Henriques,4,60,96,4,20,9.6
2014,Shivam Sharma,4,96,121,3,34,7.56
2014,Imran Tahir,6,125,171,9,38,8.21
2014,R Shukla,3,54,98,2,18,10.89
2014,S Badree,4,84,97,2,40,6.93
2014,P Kumar,3,72,78,3,33,6.5
2014,V Shankar,1,6,19,0,1,19.0
2014,Ankit Sharma,2,48,43,4,22,5.38
2014,KK Cooper,5,108,134,4,34,7.44
2014,AN Ahmed,4,86,113,3,25,7.88
2014,YK Pathan,1,6,10,0,1,10.0
2014,LMP Simmons,1,18,34,1,2,11.33
2014,MK Tiwary,1,12,28,0,3,14.0
2014,BCJ Cutting,1,24,31,1,9,7.75
2014,S Rana,2,12,16,0,3,8.0
2014,DJ Hussey,1,17,38,2,5,13.41
2014,K Santokie,2,48,90,3,15,11.25
2014,S Gopal,4,84,113,6,30,8.07
2014,BE Hendricks,3,72,126,4,25,10.5
2014,Parvez Rasool,3,54,83,1,14,9.22
2014,PJ Cummins,1,24,29,1,12,7.25
2014,JW Hastings,1,18,29,1,9,9.67
2014,M de Lange,1,24,32,2,7,8.0
2014,VS Malik,1,18,29,1,7,9.67
2014,Karanveer Singh,5,120,164,11,42,8.2
2014,SB Jakati,1,22,41,0,4,11.18
2014,JO Holder,1,18,35,1,6,11.67
2015,UT Yadav,12,252,382,10,92,9.1
2015,M Morkel,7,168,206,10,76,7.36
2015,Shakib Al Hasan,4,84,123,4,34,8.79
2015,SP Narine,8,192,234,7,74,7.31
2015,AD Russell,13,244,324,14,94,7.97
2015,PP Chawla,13,210,269,11,65,7.69
2015,SL Malinga,15,360,444,24,140,7.4
2015,R Vinay Kumar,13,261,368,7,93,8.46
2015,CJ Anderson,2,24,33,1,10,8.25
2015,JJ Bumrah,4,90,184,3,24,12.27
2015,PP Ojha,1,12,23,0,1,11.5
2015,Harbhajan Singh,15,342,446,18,117,7.82
2015,JA Morkel,4,72,109,3,22,9.08
2015,NM Coulter-Nile,11,255,321,15,117,7.55
2015,DJ Muthuswami,6,84,101,4,44,7.21
2015,Imran Tahir,10,213,314,15,64,8.85
2015,A Mishra,12,241,310,9,75,7.72
2015,JP Duminy,9,102,126,8,33,7.41
2015,A Nehra,16,372,449,22,170,7.24
2015,MM Sharma,16,342,481,14,121,8.44
2015,IC Pandey,10,186,223,11,93,7.19
2015,R Ashwin,13,234,228,10,114,5.85
2015,DJ Bravo,16,314,426,26,88,8.14
2015,Sandeep Sharma,14,300,350,13,142,7.0
2015,Anureet Singh,14,310,465,15,105,9.0
2015,AR Patel,14,280,392,13,83,8.4
2015,Karanveer Singh,4,84,157,1,22,11.21
2015,MG Johnson,9,218,342,10,92,9.41
2015,TG Southee,7,168,247,6,66,8.82
2015,CH Morris,11,258,325,14,115,7.56
2015,DS Kulkarni,11,210,277,13,95,7.91
2015,JP Faulkner,13,270,426,8,88,9.47
2015,PV Tambe,10,204,266,7,69,7.82
2015,STR Binny,10,114,140,4,56,7.37
2015,B Kumar,14,310,407,18,126,7.88
2015,TA Boult,7,168,236,9,71,8.43
2015,I Sharma,4,84,159,1,30,11.36
2015,KV Sharma,14,239,332,10,65,8.33
2015,RS Bopara,7,120,160,6,37,8.0
2015,Parvez Rasool,2,30,31,1,12,6.2
2015,RA Jadeja,15,256,330,11,84,7.73
2015,SA Abbott,2,30,57,0,6,11.4
2015,HV Patel,14,263,328,17,103,7.48
2015,VR Aaron,5,104,177,3,44,10.21
2015,AN Ahmed,3,72,128,1,26,10.67
2015,DJG Sammy,2,18,25,0,2,8.33
2015,YS Chahal,14,281,415,23,90,8.86
2015,KC Cariappa,1,12,28,1,3,14.0
2015,YK Pathan,5,60,97,2,12,9.7
2015,DJ Hooda,7,91,129,1,25,8.51
2015,JD Unadkat,1,18,30,0,7,10.0
2015,AD Mathews,10,180,246,7,61,8.2
2015,Yuvraj Singh,6,54,72,1,11,8.0
2015,P Suyal,3,60,95,0,19,9.5
2015,J Suchith,12,234,337,10,70,8.64
2015,KA Pollard,8,76,120,3,14,9.47
2015,R Dhawan,5,72,110,1,20,9.17
2015,P Kumar,12,216,329,7,71,9.14
2015,A Ashish Reddy,4,36,50,3,9,8.33
2015,S Gopal,1,13,23,1,2,10.62
2015,PJ Cummins,3,60,97,1,22,9.7
2015,GB Hogg,6,126,144,9,50,6.86
2015,P Negi,10,180,252,6,53,8.4
2015,RG More,2,35,59,1,4,10.11
2015,GJ Maxwell,7,60,97,2,19,9.7
2015,DW Steyn,6,114,170,3,38,8.95
2015,NLTC Perera,2,36,55,1,9,9.17
2015,Ankit Sharma,4,84,114,3,29,8.14
2015,SR Watson,10,174,269,6,62,9.28
2015,Iqbal Abdulla,5,114,150,4,46,7.89
2015,D Wiese,13,254,353,16,73,8.34
2015,MJ McClenaghan,12,282,386,18,118,8.21
2015,HH Pandya,8,102,176,1,29,10.35
2015,Shivam Sharma,1,18,44,1,3,14.67
2015,R Tewatia,1,18,31,1,6,10.33
2015,J Botha,4,60,81,1,19,8.1
2015,MC Henriques,9,150,158,11,57,6.32
2015,Bipul Sharma,3,42,50,3,17,7.14
2015,MA Starc,12,258,291,20,105,6.77
2015,S Nadeem,2,42,43,0,21,6.14
2015,V Kohli,2,11,10,0,2,5.45
2015,M Vijay,2,24,28,0,4,7.0
2015,Z Khan,7,145,156,7,73,6.46
2015,SK Raina,5,72,93,2,24,7.75
2015,SN Thakur,1,18,38,1,5,12.67
2015,J Theron,1,24,40,1,4,10.0
2015,GS Sandhu,2,48,82,1,9,10.25
2015,R Bhatia,2,30,46,0,7,9.2
2015,RN ten Doeschate,1,6,4,0,3,4.0
2015,S Aravind,5,108,132,8,47,7.33
2015,M de Lange,1,24,30,0,15,7.5
2015,BE Hendricks,4,78,109,5,27,8.38
2015,Gurkeerat Singh,3,54,66,3,19,7.33
2015,J Yadav,3,42,29,2,21,4.14
2015,AB Dinda,2,30,62,0,4,12.4
2015,Azhar Mahmood,1,18,41,0,5,13.67
2015,BB Sran,1,18,35,0,5,11.67
2015,CH Gayle,1,12,15,0,3,7.5
2015,DR Smith,1,12,17,1,4,8.5
2016,RP Singh,4,72,111,3,29,9.25
2016,I Sharma,4,90,148,3,37,9.87
2016,MR Marsh,3,54,45,4,28,5.0
2016,R Bhatia,10,204,244,6,54,7.18
2016,M Ashwin,10,171,241,7,55,8.46
2016,R Ashwin,14,264,319,10,93,7.25
2016,MJ McClenaghan,14,320,436,17,128,8.18
2016,JJ Bumrah,14,312,406,15,108,7.81
2016,R Vinay Kumar,3,54,64,3,25,7.11
2016,S Gopal,1,18,18,0,4,6.0
2016,Harbhajan Singh,14,294,392,9,83,8.0
2016,HH Pandya,10,100,153,3,29,9.18
2016,AD Russell,12,219,291,15,90,7.97
2016,UT Yadav,9,156,234,10,46,9.0
2016,JW Hastings,2,40,37,2,22,5.55
2016,C Munro,2,12,15,0,5,7.5
2016,GB Hogg,5,96,142,4,31,8.88
2016,PP Chawla,11,212,273,11,81,7.73
2016,NM Coulter-Nile,4,90,114,3,37,7.6
2016,Z Khan,12,262,337,10,111,7.72
2016,CH Morris,12,264,308,13,102,7.0
2016,CR Brathwaite,8,139,189,7,41,8.16
2016,A Mishra,14,276,344,13,93,7.48
2016,P Kumar,16,309,401,9,132,7.79
2016,PJ Sangwan,2,24,49,0,9,12.25
2016,JP Faulkner,7,102,167,2,21,9.82
2016,S Ladda,1,12,21,0,3,10.5
2016,RA Jadeja,14,241,311,8,71,7.74
2016,DJ Bravo,15,336,494,17,93,8.82
2016,Sandeep Sharma,14,300,366,15,127,7.32
2016,MG Johnson,3,66,106,2,21,9.64
2016,MM Sharma,14,291,407,13,97,8.39
2016,MP Stoinis,7,138,194,8,39,8.43
2016,AR Patel,14,287,388,13,91,8.11
2016,P Sahu,5,105,146,3,24,8.34
2016,A Nehra,8,156,199,9,72,7.65
2016,B Kumar,17,396,490,23,156,7.42
2016,Mustafizur Rahman,16,366,421,17,137,6.9
2016,MC Henriques,17,312,415,12,89,7.98
2016,KV Sharma,5,98,171,0,19,10.47
2016,A Ashish Reddy,2,23,39,1,5,10.17
2016,AF Milne,1,24,43,1,7,10.75
2016,SR Watson,16,339,485,20,121,8.58
2016,Parvez Rasool,4,84,129,1,22,9.21
2016,HV Patel,5,84,147,1,28,10.5
2016,YS Chahal,13,295,401,21,100,8.16
2016,TG Southee,11,258,329,9,99,7.65
2016,J Suchith,1,12,31,0,0,15.5
2016,Kuldeep Yadav,3,72,100,6,28,8.33
2016,SB Jakati,6,120,178,2,30,8.9
2016,PV Tambe,7,96,143,5,26,8.94
2016,P Negi,5,54,84,1,11,9.33
2016,J Yadav,5,102,125,2,38,7.35
2016,GJ Maxwell,7,54,80,0,16,8.89
2016,M Morkel,10,213,297,10,89,8.37
2016,Shakib Al Hasan,9,186,243,5,58,7.84
2016,SP Narine,11,256,304,11,109,7.12
2016,BB Sran,14,297,413,14,107,8.34
2016,DS Kulkarni,14,294,364,18,130,7.43
2016,KH Pandya,11,187,236,6,53,7.57
2016,KJ Abbott,5,96,177,2,28,11.06
2016,Ankit Sharma,3,66,84,1,17,7.64
2016,IK Pathan,3,48,61,0,18,7.62
2016,NLTC Perera,11,199,326,9,56,9.83
2016,Mohammed Shami,8,151,244,5,39,9.7
2016,S Aravind,9,175,216,11,65,7.41
2016,D Wiese,1,24,49,0,6,12.25
2016,Bipul Sharma,6,84,121,3,21,8.64
2016,YK Pathan,4,36,33,1,14,5.5
2016,VR Aaron,8,142,227,2,48,9.59
2016,KW Richardson,4,84,136,7,34,9.71
2016,Iqbal Abdulla,8,150,213,6,35,8.52
2016,STR Binny,11,102,134,1,28,7.88
2016,DJ Hooda,6,78,97,3,21,7.46
2016,DW Steyn,1,12,17,0,5,8.5
2016,SK Raina,4,60,82,0,15,8.2
2016,T Shamsi,4,96,147,3,26,9.19
2016,KA Pollard,4,36,81,0,4,13.5
2016,Imran Tahir,4,96,138,5,25,8.62
2016,R Dhawan,2,42,56,2,12,8.0
2016,R Sathish,3,36,59,1,8,9.83
2016,JA Morkel,2,30,66,2,9,13.2
2016,AB Dinda,9,183,231,11,84,7.57
2016,S Nadeem,4,90,127,2,31,8.47
2016,JP Duminy,5,42,55,2,12,7.86
2016,DR Smith,8,108,153,8,40,8.5
2016,JD Unadkat,1,18,49,0,5,16.33
2016,S Kaushik,7,138,192,6,48,8.35
2016,JO Holder,4,78,103,2,27,7.92
2016,KC Cariappa,5,102,159,3,35,9.35
2016,Gurkeerat Singh,3,24,31,2,7,7.75
2016,SM Boland,2,42,54,2,14,7.71
2016,Swapnil Singh,1,18,29,0,3,9.67
2016,Yuvraj Singh,5,37,52,0,7,8.43
2016,CJ Jordan,9,168,258,11,49,9.21
2016,A Zampa,5,102,115,12,32,6.76
2016,Anureet Singh,2,36,43,0,12,7.17
2016,V Kohli,1,6,13,0,1,13.0
2016,CH Gayle,4,60,63,2,21,6.3
2016,Sachin Baby,2,10,8,2,5,4.8
2016,AS Rajpoot,4,66,98,3,18,8.91
2016,BCJ Cutting,4,67,80,5,23,7.16
2016,M Vijay,1,6,8,0,2,8.0
2016,N Rana,1,6,3,0,3,3.0
2016,DL Chahar,2,30,41,0,13,8.2
2016,KS Williamson,1,6,7,0,2,7.0
2016,TA Boult,1,24,39,1,11,9.75
