team,win_percentage_2024,win_percentage_2025,win_percentage_2026,weighted_recent_form
Chennai Super Kings,50.0,28.5714,42.8571,40.0
Delhi Capitals,50.0,50.0,50.0,50.0
Gujarat Titans,41.6667,60.0,58.8235,55.7451
Kolkata Knight Riders,78.5714,41.6667,41.6667,49.0476
Lucknow Super Giants,50.0,42.8571,30.7692,38.2418
Mumbai Indians,28.5714,56.25,28.5714,36.875
Punjab Kings,35.7143,62.5,53.8462,52.8159
Rajasthan Royals,60.0,30.7692,56.25,49.3558
Royal Challengers Bengaluru,46.6667,73.3333,68.75,65.7083
Sunrisers Hyderabad,56.25,46.1538,60.0,55.0962
