season,team,seasons_before,matches_before,wins_before,losses_before,historical_win_percentage,historical_run_difference,titles_before,runner_ups_before,last_season_win_percentage,last_season_wins,last_season_losses,last_season_run_difference,last_3_win_percentage,last_3_wins,last_3_losses,last_3_run_difference,last_5_win_percentage,last_5_wins,last_5_losses,consistency_score,champion,runner_up
2008,Chennai Super Kings,0,0,0,0,0.0,0,0,0,0.0,0.0,0.0,0.0,0.0,0,0,0,0.0,0,0,100.0,0,1
2009,Chennai Super Kings,1,16,9,7,56.25,-48,0,1,56.25,9.0,7.0,-48.0,56.25,9,7,-48,56.25,9,7,100.0,0,0
2010,Chennai Super Kings,2,30,17,13,56.6667,179,0,1,57.14285714285714,8.0,6.0,227.0,56.666666666666664,17,13,179,56.666666666666664,17,13,99.36865465965487,1,0
2011,Chennai Super Kings,3,46,26,19,57.7778,266,1,1,60.0,9.0,6.0,87.0,57.77777777777777,26,19,266,57.77777777777777,26,19,98.04113301524949,1,0
2012,Chennai Super Kings,4,62,37,24,60.6557,526,2,1,68.75,11.0,5.0,260.0,62.22222222222222,28,17,574,60.65573770491803,37,24,94.29502246214037,0,1
2013,Chennai Super Kings,5,80,47,32,59.4937,736,2,2,55.55555555555556,10.0,8.0,210.0,61.224489795918366,30,19,557,59.49367088607595,47,32,94.58054682406726,0,1
2014,Chennai Super Kings,6,98,59,38,60.8247,912,2,3,66.66666666666666,12.0,6.0,176.0,63.46153846153846,33,19,646,61.72839506172839,50,31,94.34650297261811,0,0
2015,Chennai Super Kings,7,114,69,44,61.0619,985,2,3,62.5,10.0,6.0,73.0,61.53846153846154,32,20,459,62.65060240963856,52,31,94.79578637177755,0,1
2018,Chennai Super Kings,8,131,79,51,60.7692,1109,2,4,58.82352941176471,10.0,7.0,124.0,62.745098039215684,32,19,373,62.35294117647059,53,32,95.12184394485692,1,0
2019,Chennai Super Kings,9,147,90,56,61.6438,1168,3,4,68.75,11.0,5.0,59.0,63.26530612244898,31,18,256,62.35294117647059,53,32,94.70827691693202,0,1
2020,Chennai Super Kings,10,164,100,63,61.3497,1201,3,5,58.82352941176471,10.0,7.0,33.0,62.0,31,19,216,63.095238095238095,53,31,94.93401285996599,0,0
2021,Chennai Super Kings,11,178,106,71,59.887,1117,3,5,42.857142857142854,6.0,8.0,-84.0,57.446808510638306,27,20,8,58.75,47,33,92.64422047485122,1,0
2022,Chennai Super Kings,12,194,117,76,60.6218,1295,4,5,68.75,11.0,5.0,178.0,57.446808510638306,27,20,127,60.0,48,32,92.51042731856492,0,0
2023,Chennai Super Kings,13,208,121,86,58.4541,1329,4,5,28.57142857142857,4.0,10.0,34.0,47.72727272727273,21,23,128,54.54545454545454,42,35,88.62568539863162,1,0
2024,Chennai Super Kings,14,224,131,91,59.009,1313,5,5,66.66666666666666,10.0,5.0,-16.0,55.55555555555556,25,20,196,53.94736842105263,41,35,88.82674692012782,0,0
2025,Chennai Super Kings,15,238,138,98,58.4746,1422,5,5,50.0,7.0,7.0,109.0,48.837209302325576,21,22,127,52.054794520547944,38,35,89.00768191528765,0,0
2026,Chennai Super Kings,16,252,142,108,56.8,1402,5,5,28.57142857142857,4.0,10.0,-20.0,48.837209302325576,21,22,73,49.31506849315068,36,37,87.079878481136,0,0
2008,Deccan Chargers,0,0,0,0,0.0,0,0,0,0.0,0.0,0.0,0.0,0.0,0,0,0,0.0,0,0,100.0,0,0
2009,Deccan Chargers,1,14,2,12,14.2857,-78,0,0,14.285714285714285,2.0,12.0,-78.0,14.285714285714285,2,12,-78,14.285714285714285,2,12,100.0,1,0
2010,Deccan Chargers,2,30,11,19,36.6667,-57,1,0,56.25,9.0,7.0,21.0,36.666666666666664,11,19,-57,36.666666666666664,11,19,70.32676900377881,0,0
2011,Deccan Chargers,3,46,19,27,41.3043,-165,1,0,50.0,8.0,8.0,-108.0,41.30434782608695,19,27,-165,41.30434782608695,19,27,77.35942440516791,0,0
2012,Deccan Chargers,4,60,25,35,41.6667,-62,1,0,42.857142857142854,6.0,8.0,103.0,50.0,23,23,16,41.66666666666667,25,35,81.46559608723926,0,0
2008,Delhi Capitals,0,0,0,0,0.0,0,0,0,0.0,0.0,0.0,0.0,0.0,0,0,0,0.0,0,0,100.0,0,0
2009,Delhi Capitals,1,14,7,7,50.0,-105,0,0,50.0,7.0,7.0,-105.0,50.0,7,7,-105,50.0,7,7,100.0,0,0
2010,Delhi Capitals,2,29,17,12,58.6207,-132,0,0,66.66666666666666,10.0,5.0,-27.0,58.620689655172406,17,12,-132,58.620689655172406,17,12,88.21488698022421,0,0
2011,Delhi Capitals,3,43,24,19,55.814,-143,0,0,50.0,7.0,7.0,-11.0,55.81395348837209,24,19,-143,55.81395348837209,24,19,90.37749551350625,0,0
2012,Delhi Capitals,4,57,28,28,50.0,-132,0,0,30.76923076923077,4.0,9.0,11.0,50.0,21,21,-27,50.0,28,28,85.32625238171846,0,0
2013,Delhi Capitals,5,75,39,35,52.7027,-232,0,0,61.111111111111114,11.0,7.0,-100.0,48.888888888888886,22,23,-100,52.702702702702695,39,35,86.24821118828712,0,0
2014,Delhi Capitals,6,91,42,47,47.191,-438,0,0,20.0,3.0,12.0,-206.0,39.130434782608695,18,28,-295,46.666666666666664,35,40,82.14305786127994,0,0
2015,Delhi Capitals,7,105,44,59,42.7184,-541,0,0,14.285714285714285,2.0,12.0,-103.0,34.04255319148936,16,31,-409,36.486486486486484,27,47,79.67064448260578,0,0
2016,Delhi Capitals,8,119,49,67,42.2414,-351,0,0,38.46153846153847,5.0,8.0,190.0,23.809523809523807,10,32,-119,34.24657534246575,25,48,81.14096072937485,0,0
2017,Delhi Capitals,9,133,56,74,43.0769,-354,0,0,50.0,7.0,7.0,-3.0,34.146341463414636,14,27,84,37.83783783783784,28,46,82.12821449428695,0,0
2018,Delhi Capitals,10,147,62,82,43.0556,-390,0,0,42.857142857142854,6.0,8.0,-36.0,43.90243902439025,18,23,151,32.857142857142854,23,47,83.14960333204314,0,0
2019,Delhi Capitals,11,161,67,91,42.4051,-434,0,0,35.714285714285715,5.0,9.0,-44.0,42.857142857142854,18,24,-83,36.231884057971016,25,44,83.88714080558316,0,0
2020,Delhi Capitals,12,177,76,97,43.9306,-463,0,0,60.0,9.0,6.0,-29.0,46.51162790697674,20,23,-109,45.714285714285715,32,38,83.76401372290823,0,1
2021,Delhi Capitals,13,194,84,105,44.4444,-485,0,1,50.0,8.0,8.0,-22.0,48.888888888888886,22,23,-95,47.94520547945205,35,38,84.34527955925499,0,0
2022,Delhi Capitals,14,210,93,111,45.5882,-442,0,1,60.0,9.0,6.0,43.0,56.52173913043478,26,20,-8,50.0,37,37,84.35130626532239,0,0
2023,Delhi Capitals,15,224,100,118,45.8716,-498,0,1,50.0,7.0,7.0,-56.0,53.333333333333336,24,21,-35,51.35135135135135,38,36,84.86516798397419,0,0
2024,Delhi Capitals,16,238,105,127,45.2586,-740,0,1,35.714285714285715,5.0,9.0,-242.0,48.837209302325576,21,22,-255,51.35135135135135,38,36,85.18229495357762,0,0
2025,Delhi Capitals,17,252,112,134,45.5285,-929,0,1,50.0,7.0,7.0,-189.0,45.23809523809524,19,23,-487,49.31506849315068,36,37,85.59586215144098,0,0
2026,Delhi Capitals,18,267,118,140,45.7364,-971,0,1,50.0,6.0,6.0,-42.0,45.0,18,22,-473,49.275362318840585,34,35,85.97699999313303,0,0
2016,Gujarat Lions,0,0,0,0,0.0,0,0,0,0.0,0.0,0.0,0.0,0.0,0,0,0,0.0,0,0,100.0,0,0
2017,Gujarat Lions,1,16,9,7,56.25,-157,0,0,56.25,9.0,7.0,-157.0,56.25,9,7,-157,56.25,9,7,100.0,0,0
2022,Gujarat Titans,0,0,0,0,0.0,0,0,0,0.0,0.0,0.0,0.0,0.0,0,0,0,0.0,0,0,100.0,1,0
2023,Gujarat Titans,1,16,12,4,75.0,129,1,0,75.0,12.0,4.0,129.0,75.0,12,4,129,75.0,12,4,100.0,0,1
2024,Gujarat Titans,2,33,23,10,69.697,343,1,1,64.70588235294117,11.0,6.0,214.0,69.6969696969697,23,10,343,69.6969696969697,23,10,92.7209596054326,0,0
2025,Gujarat Titans,3,45,28,17,62.2222,282,1,1,41.66666666666667,5.0,7.0,-61.0,62.22222222222222,28,17,282,62.22222222222222,28,17,82.93206989369989,0,0
2026,Gujarat Titans,4,60,37,23,61.6667,298,1,1,60.0,9.0,6.0,16.0,56.81818181818182,25,19,169,61.66666666666667,37,23,86.06221601630986,0,1
2011,Kochi Tuskers Kerala,0,0,0,0,0.0,0,0,0,0.0,0.0,0.0,0.0,0.0,0,0,0,0.0,0,0,100.0,0,0
2008,Kolkata Knight Riders,0,0,0,0,0.0,0,0,0,0.0,0.0,0.0,0.0,0.0,0,0,0,0.0,0,0,100.0,0,0
2009,Kolkata Knight Riders,1,13,6,7,46.1538,224,0,0,46.15384615384615,6.0,7.0,224.0,46.15384615384615,6,7,224,46.15384615384615,6,7,100.0,0,0
2010,Kolkata Knight Riders,2,26,9,16,36.0,21,0,0,25.0,3.0,9.0,-203.0,36.0,9,16,21,36.0,9,16,85.04197193643842,0,0
2011,Kolkata Knight Riders,3,40,16,23,41.0256,-27,0,0,50.0,7.0,7.0,-48.0,41.02564102564102,16,23,-27,41.02564102564102,16,23,86.53846153846153,0,0
2012,Kolkata Knight Riders,4,55,24,30,44.4444,-76,0,0,53.333333333333336,8.0,7.0,-49.0,43.90243902439025,18,23,-300,44.44444444444444,24,30,87.24358974358974,1,0
2013,Kolkata Knight Riders,5,72,36,35,50.7042,62,1,0,70.58823529411765,12.0,5.0,138.0,58.69565217391305,27,19,41,50.70422535211267,36,35,83.64511437574315,0,0
2014,Kolkata Knight Riders,6,88,42,45,48.2759,36,1,0,37.5,6.0,10.0,-26.0,54.166666666666664,26,22,63,48.64864864864865,36,38,84.63493086225746,1,0
2015,Kolkata Knight Riders,7,104,53,49,51.9608,80,2,0,73.33333333333333,11.0,4.0,44.0,60.416666666666664,29,19,156,57.14285714285714,44,33,82.82207680096174,0,0
2016,Kolkata Knight Riders,8,117,60,55,52.1739,43,2,0,53.84615384615385,7.0,6.0,-37.0,54.54545454545454,24,20,-19,57.89473684210527,44,32,84.06095529451112,0,0
2017,Kolkata Knight Riders,9,132,68,62,52.3077,-15,2,0,53.333333333333336,8.0,7.0,-58.0,60.46511627906976,26,17,-51,57.89473684210527,44,32,85.07374647969759,0,0
2018,Kolkata Knight Riders,10,148,77,69,52.7397,-70,2,0,56.25,9.0,7.0,-55.0,54.54545454545454,24,20,-150,54.666666666666664,41,34,85.84591278668117,0,0
2019,Kolkata Knight Riders,11,164,86,76,53.0864,-54,2,0,56.25,9.0,7.0,16.0,55.319148936170215,26,21,-97,58.666666666666664,44,31,86.5093385522921,0,0
2020,Kolkata Knight Riders,12,178,92,83,52.5714,-10,2,0,46.15384615384615,6.0,7.0,44.0,53.333333333333336,24,21,5,53.42465753424658,39,34,87.01433439958676,0,0
2021,Kolkata Knight Riders,13,192,98,90,52.1277,4,2,0,46.15384615384615,6.0,7.0,14.0,50.0,21,21,74,52.054794520547944,38,35,87.46852965786005,0,1
2022,Kolkata Knight Riders,14,209,107,98,52.1951,18,2,1,52.94117647058824,9.0,8.0,14.0,48.837209302325576,21,22,72,52.0,39,36,87.95289371394807,0,0
2023,Kolkata Knight Riders,15,223,113,106,51.5982,-8,2,1,42.857142857142854,6.0,8.0,-26.0,47.72727272727273,21,23,2,49.31506849315068,36,37,88.179142332032,0,0
2024,Kolkata Knight Riders,16,237,119,114,51.073,-15,2,1,42.857142857142854,6.0,8.0,-7.0,46.666666666666664,21,24,-19,46.478873239436616,33,38,88.40374345481882,1,0
2025,Kolkata Knight Riders,17,251,130,117,52.6316,245,3,1,78.57142857142857,11.0,3.0,260.0,54.761904761904766,23,19,227,52.77777777777778,38,34,86.85765163369634,0,0
2026,Kolkata Knight Riders,18,264,135,124,52.1236,-29,3,1,41.66666666666667,5.0,7.0,-274.0,55.00000000000001,22,18,-21,52.112676056338024,37,34,87.01657144407679,0,0
2022,Lucknow Super Giants,0,0,0,0,0.0,0,0,0,0.0,0.0,0.0,0.0,0.0,0,0,0,0.0,0,0,100.0,0,0
2023,Lucknow Super Giants,1,15,9,6,60.0,52,0,0,60.0,9.0,6.0,52.0,60.0,9,6,52,60.0,9,6,100.0,0,0
2024,Lucknow Super Giants,2,30,17,12,58.6207,133,0,0,57.14285714285714,8.0,6.0,81.0,58.620689655172406,17,12,133,58.620689655172406,17,12,97.97969491089557,0,0
2025,Lucknow Super Giants,3,44,24,19,55.814,95,0,0,50.0,7.0,7.0,-38.0,55.81395348837209,24,19,95,55.81395348837209,24,19,94.84921246362288,0,0
2026,Lucknow Super Giants,4,58,30,27,52.6316,48,0,0,42.857142857142854,6.0,8.0,-47.0,50.0,21,21,-4,52.63157894736842,30,27,92.31796866433254,0,0
2008,Mumbai Indians,0,0,0,0,0.0,0,0,0,0.0,0.0,0.0,0.0,0.0,0,0,0,0.0,0,0,100.0,0,0
2009,Mumbai Indians,1,14,7,7,50.0,-16,0,0,50.0,7.0,7.0,-16.0,50.0,7,7,-16,50.0,7,7,100.0,0,0
2010,Mumbai Indians,2,27,12,15,44.4444,79,0,0,38.46153846153847,5.0,8.0,95.0,44.44444444444444,12,15,79,44.44444444444444,12,15,91.84107560169369,0,1
2011,Mumbai Indians,3,43,23,20,53.4884,400,0,1,68.75,11.0,5.0,321.0,53.48837209302325,23,20,400,53.48837209302325,23,20,84.71335279270707,0,0
2012,Mumbai Indians,4,59,33,26,55.9322,405,0,1,62.5,10.0,6.0,5.0,57.77777777777777,26,19,421,55.932203389830505,33,26,86.5363154183265,0,0
2013,Mumbai Indians,5,76,43,33,56.5789,337,0,1,58.82352941176471,10.0,7.0,-68.0,63.26530612244898,31,18,258,56.57894736842105,43,33,88.21066958805517,1,0
2014,Mumbai Indians,6,95,56,39,58.9474,480,1,1,68.42105263157895,13.0,6.0,143.0,63.46153846153846,33,19,80,60.49382716049383,49,32,88.24705225175063,0,0
2015,Mumbai Indians,7,110,63,47,57.2727,487,1,1,46.666666666666664,7.0,8.0,7.0,58.82352941176471,30,21,82,61.44578313253012,51,32,88.47177445278311,1,0
2016,Mumbai Indians,8,126,73,53,57.9365,527,2,1,62.5,10.0,6.0,40.0,60.0,30,20,190,60.24096385542169,50,33,89.09928801713605,0,0
2017,Mumbai Indians,9,140,80,60,57.1429,531,2,1,50.0,7.0,7.0,4.0,53.333333333333336,24,21,51,58.0246913580247,47,34,89.5386101583349,1,0
2018,Mumbai Indians,10,157,91,65,58.3333,686,3,1,68.75,11.0,5.0,155.0,60.86956521739131,28,18,199,60.0,48,32,89.37263160390044,0,0
2019,Mumbai Indians,11,171,97,73,57.0588,784,3,1,42.857142857142854,6.0,8.0,98.0,54.54545454545454,24,20,257,54.666666666666664,41,34,88.99522265045384,1,0
2020,Mumbai Indians,12,187,107,78,57.8378,885,4,1,66.66666666666666,10.0,5.0,101.0,60.0,27,18,354,58.666666666666664,44,31,89.07756777870836,1,0
2021,Mumbai Indians,13,203,118,81,59.2965,1126,5,1,78.57142857142857,11.0,3.0,241.0,62.7906976744186,27,16,440,61.64383561643836,45,28,87.95663462649141,0,0
2022,Mumbai Indians,14,217,125,88,58.6854,1115,5,1,50.0,7.0,7.0,-11.0,65.11627906976744,28,15,331,61.64383561643836,45,28,88.19833311764737,0,0
2023,Mumbai Indians,15,231,129,98,56.8282,981,5,1,28.57142857142857,4.0,10.0,-134.0,52.38095238095239,22,20,96,53.52112676056338,38,33,86.31283446189694,0,0
2024,Mumbai Indians,16,247,138,105,56.7901,972,5,1,56.25,9.0,7.0,-9.0,45.45454545454545,20,24,-154,56.16438356164384,41,32,86.77689051440498,0,0
2025,Mumbai Indians,17,261,142,115,55.2529,880,5,1,28.57142857142857,4.0,10.0,-92.0,38.63636363636363,17,27,-235,48.61111111111111,35,37,85.55913450379133,0,0
2026,Mumbai Indians,18,277,151,122,55.3114,1076,5,1,56.25,9.0,7.0,196.0,47.82608695652174,22,24,95,44.5945945945946,33,41,85.9841748779659,0,0
2011,Pune Warriors India,0,0,0,0,0.0,0,0,0,0.0,0.0,0.0,0.0,0.0,0,0,0,0.0,0,0,100.0,0,0
2012,Pune Warriors India,1,14,4,9,30.7692,-139,0,0,30.76923076923077,4.0,9.0,-139.0,30.76923076923077,4,9,-139,30.76923076923077,4,9,100.0,0,0
2013,Pune Warriors India,2,30,8,21,27.5862,-242,0,0,25.0,4.0,12.0,-103.0,27.586206896551722,8,21,-242,27.586206896551722,8,21,95.92053780084684,0,0
2008,Punjab Kings,0,0,0,0,0.0,0,0,0,0.0,0.0,0.0,0.0,0.0,0,0,0,0.0,0,0,100.0,0,0
2009,Punjab Kings,1,15,10,5,66.6667,47,0,0,66.66666666666666,10.0,5.0,47.0,66.66666666666666,10,5,47,66.66666666666666,10,5,100.0,0,0
2010,Punjab Kings,2,29,17,12,58.6207,89,0,0,50.0,7.0,7.0,42.0,58.620689655172406,17,12,89,58.620689655172406,17,12,88.21488698022421,0,0
2011,Punjab Kings,3,43,20,22,47.619,3,0,0,23.076923076923077,3.0,10.0,-86.0,47.61904761904761,20,22,3,47.61904761904761,20,22,78.00494148297818,0,0
2012,Punjab Kings,4,57,27,29,48.2143,54,0,0,50.0,7.0,7.0,51.0,41.46341463414634,17,24,7,48.214285714285715,27,29,81.9599393852945,0,0
2013,Punjab Kings,5,73,35,37,48.6111,-11,0,0,50.0,8.0,8.0,-65.0,41.86046511627907,18,25,-100,48.61111111111111,35,37,84.33482318553239,0,0
2014,Punjab Kings,6,89,43,45,48.8636,0,0,0,50.0,8.0,8.0,11.0,50.0,23,23,-3,45.20547945205479,33,40,85.96363634299067,0,1
2015,Punjab Kings,7,106,55,50,52.381,193,0,1,70.58823529411765,12.0,5.0,193.0,57.14285714285714,28,21,139,50.0,38,38,84.66346537515747,0,0
2016,Punjab Kings,8,120,57,61,48.3051,-81,0,1,15.384615384615385,2.0,11.0,-274.0,47.82608695652174,22,24,-70,48.68421052631579,37,39,80.9099175891911,0,0
2017,Punjab Kings,9,134,61,71,46.2121,-180,0,1,28.57142857142857,4.0,10.0,-99.0,40.909090909090914,18,26,-180,44.73684210526316,34,42,81.11966582344729,0,0
2018,Punjab Kings,10,148,68,78,46.5753,-202,0,1,50.0,7.0,7.0,-22.0,31.70731707317073,13,28,-395,44.5945945945946,33,41,82.12713442506647,0,0
2019,Punjab Kings,11,162,74,86,46.25,-318,0,1,42.857142857142854,6.0,8.0,-116.0,40.476190476190474,17,25,-237,43.05555555555556,31,41,83.0265912265674,0,0
2020,Punjab Kings,12,176,80,94,45.977,-392,0,1,42.857142857142854,6.0,8.0,-74.0,45.23809523809524,19,23,-212,36.231884057971016,25,44,83.80242394713993,0,0
2021,Punjab Kings,13,190,85,101,45.6989,-397,0,1,41.66666666666667,5.0,7.0,-5.0,42.5,17,23,-195,41.17647058823529,28,40,84.46446630802282,0,0
2022,Punjab Kings,14,204,91,109,45.5,-364,0,1,42.857142857142854,6.0,8.0,33.0,42.5,17,23,-46,44.11764705882353,30,38,85.06542793450775,0,0
2023,Punjab Kings,15,218,98,116,45.7944,-273,0,1,50.0,7.0,7.0,91.0,45.0,18,22,119,44.11764705882353,30,38,85.54152710730754,0,0
2024,Punjab Kings,16,232,104,124,45.614,-281,0,1,42.857142857142854,6.0,8.0,-8.0,45.23809523809524,19,23,116,44.11764705882353,30,38,86.02181951085738,0,0
2025,Punjab Kings,17,246,109,133,45.0413,-406,0,1,35.714285714285715,5.0,9.0,-125.0,42.857142857142854,18,24,-42,42.64705882352941,29,39,86.28604316271628,0,1
2026,Punjab Kings,18,264,119,139,46.124,-45,0,2,62.5,10.0,6.0,361.0,47.72727272727273,21,23,228,47.22222222222222,34,38,86.02101399728603,0,0
2008,Rajasthan Royals,0,0,0,0,0.0,0,0,0,0.0,0.0,0.0,0.0,0.0,0,0,0,0.0,0,0,100.0,1,0
2009,Rajasthan Royals,1,16,13,3,81.25,198,1,0,81.25,13.0,3.0,198.0,81.25,13,3,198,81.25,13,3,100.0,0,0
2010,Rajasthan Royals,2,29,18,10,64.2857,79,1,0,41.66666666666667,5.0,7.0,-119.0,64.28571428571429,18,10,79,64.28571428571429,18,10,72.0103565780325,0,0
2011,Rajasthan Royals,3,43,24,18,57.1429,34,1,0,42.857142857142854,6.0,8.0,-45.0,57.14285714285714,24,18,34,57.14285714285714,24,18,77.48234399806194,0,0
2012,Rajasthan Royals,4,56,30,25,54.5455,-80,1,0,46.15384615384615,6.0,7.0,-114.0,43.58974358974359,17,22,-278,54.54545454545454,30,25,81.05927659314622,0,0
2013,Rajasthan Royals,5,72,37,34,52.1127,34,1,0,43.75,7.0,9.0,114.0,44.18604651162791,19,24,-45,52.112676056338024,37,34,83.085246105713,0,0
2014,Rajasthan Royals,6,90,48,41,53.9326,112,1,0,61.111111111111114,11.0,7.0,78.0,51.06382978723404,24,23,78,47.94520547945205,35,38,84.33243843419457,0,0
2015,Rajasthan Royals,7,104,54,48,52.9412,103,1,0,46.15384615384615,6.0,7.0,-9.0,51.06382978723404,24,23,183,48.64864864864865,36,38,85.4787381983948,0,0
2018,Rajasthan Royals,8,118,61,53,53.5088,-151,1,0,58.333333333333336,7.0,5.0,-254.0,55.81395348837209,24,19,-185,51.388888888888886,37,35,86.36185156183446,0,0
2019,Rajasthan Royals,9,133,68,61,52.7132,-150,1,0,46.666666666666664,7.0,8.0,1.0,50.0,20,20,-262,51.35135135135135,38,36,87.0872292893166,0,0
2020,Rajasthan Royals,10,147,73,69,51.4085,-210,1,0,38.46153846153847,5.0,8.0,-60.0,47.5,19,21,-313,50.70422535211267,36,35,87.0955529790131,0,0
2021,Rajasthan Royals,11,161,79,77,50.641,-404,1,0,42.857142857142854,6.0,8.0,-194.0,42.857142857142854,18,24,-253,46.26865671641791,31,36,87.53486906563906,0,0
2022,Rajasthan Royals,12,175,84,86,49.4118,-526,1,0,35.714285714285715,5.0,9.0,-122.0,39.02439024390244,16,25,-376,44.11764705882353,30,38,87.42616340882124,0,1
2023,Rajasthan Royals,13,192,94,93,50.2674,-415,1,1,58.82352941176471,10.0,7.0,111.0,46.666666666666664,21,24,-205,45.20547945205479,33,40,87.64138953593806,0,0
2024,Rajasthan Royals,14,206,101,100,50.2488,-385,1,1,50.0,7.0,7.0,30.0,48.888888888888886,22,23,19,45.83333333333333,33,39,88.12554681192977,0,0
2025,Rajasthan Royals,15,221,110,106,50.9259,-395,1,1,60.0,9.0,6.0,-10.0,56.52173913043478,26,20,131,50.0,37,37,88.24409392080896,0,0
2026,Rajasthan Royals,16,235,114,115,49.7817,-567,1,1,30.76923076923077,4.0,9.0,-172.0,47.61904761904761,20,22,-152,47.94520547945205,35,38,87.64222301211001,0,0
2016,Rising Pune Supergiants,0,0,0,0,0.0,0,0,0,0.0,0.0,0.0,0.0,0.0,0,0,0,0.0,0,0,100.0,0,0
2017,Rising Pune Supergiants,1,14,5,9,35.7143,-50,0,0,35.714285714285715,5.0,9.0,-50.0,35.714285714285715,5,9,-50,35.714285714285715,5,9,100.0,0,1
2008,Royal Challengers Bengaluru,0,0,0,0,0.0,0,0,0,0.0,0.0,0.0,0.0,0.0,0,0,0,0.0,0,0,100.0,0,0
2009,Royal Challengers Bengaluru,1,14,4,10,28.5714,-222,0,0,28.57142857142857,4.0,10.0,-222.0,28.57142857142857,4,10,-222,28.57142857142857,4,10,100.0,0,1
2010,Royal Challengers Bengaluru,2,30,13,17,43.3333,-258,0,1,56.25,9.0,7.0,-36.0,43.333333333333336,13,17,-258,43.333333333333336,13,17,80.42829444930092,0,0
2011,Royal Challengers Bengaluru,3,46,21,25,45.6522,-368,0,1,50.0,8.0,8.0,-110.0,45.65217391304348,21,25,-368,45.65217391304348,21,25,85.48363285921762,0,1
2012,Royal Challengers Bengaluru,4,62,31,31,50.0,-411,0,2,62.5,10.0,6.0,-43.0,56.25,27,21,-189,50.0,31,31,85.24983065357216,0,0
2013,Royal Challengers Bengaluru,5,77,39,38,50.6494,-444,0,2,53.333333333333336,8.0,7.0,-33.0,55.319148936170215,26,21,-186,50.649350649350644,39,38,87.10114790039329,0,0
2014,Royal Challengers Bengaluru,6,93,47,44,51.6484,-325,0,2,57.14285714285714,8.0,6.0,119.0,57.77777777777777,26,19,43,55.84415584415584,43,34,88.11308381223176,0,0
2015,Royal Challengers Bengaluru,7,107,52,53,49.5238,-395,0,2,35.714285714285715,5.0,9.0,-70.0,48.837209302325576,21,22,16,52.0,39,36,87.652964595307,0,0
2016,Royal Challengers Bengaluru,8,123,60,59,50.4202,-268,0,2,57.14285714285714,8.0,6.0,127.0,50.0,21,21,176,53.42465753424658,39,34,88.21819717641954,0,1
2017,Royal Challengers Bengaluru,9,139,69,66,51.1111,2,0,3,56.25,9.0,7.0,270.0,50.0,22,22,327,52.054794520547944,38,35,88.788984605235,0,0
2018,Royal Challengers Bengaluru,10,152,72,76,48.6486,-186,0,3,23.076923076923077,3.0,10.0,-188.0,46.51162790697674,20,23,209,46.478873239436616,33,38,86.27422938431847,0,0
2019,Royal Challengers Bengaluru,11,166,78,84,48.1481,-247,0,3,42.857142857142854,6.0,8.0,-61.0,41.86046511627907,18,25,21,43.66197183098591,31,40,86.88665406858925,0,0
2020,Royal Challengers Bengaluru,12,180,83,92,47.4286,-346,0,3,38.46153846153847,5.0,8.0,-99.0,35.0,14,26,-348,44.285714285714285,31,39,87.22575150749827,0,0
2021,Royal Challengers Bengaluru,13,195,89,100,47.0899,-379,0,3,42.857142857142854,6.0,8.0,-33.0,41.46341463414634,17,24,-193,41.42857142857143,29,41,87.72141173765455,0,0
2022,Royal Challengers Bengaluru,14,210,98,106,48.0392,-374,0,3,60.0,9.0,6.0,5.0,47.61904761904761,20,22,-127,42.028985507246375,29,40,87.66163562139374,0,0
2023,Royal Challengers Bengaluru,15,226,107,113,48.6364,-356,0,3,56.25,9.0,7.0,18.0,53.333333333333336,24,21,-10,48.61111111111111,35,37,87.89479839879064,0,0
2024,Royal Challengers Bengaluru,16,240,114,120,48.7179,-289,0,3,50.0,7.0,7.0,67.0,55.55555555555556,25,20,90,50.0,36,36,88.29486865821757,0,0
2025,Royal Challengers Bengaluru,17,255,121,128,48.5944,-179,0,3,46.666666666666664,7.0,8.0,110.0,51.11111111111111,23,22,195,51.35135135135135,38,36,88.66084313036299,1,0
2026,Royal Challengers Bengaluru,18,270,132,132,50.0,-132,1,3,73.33333333333333,11.0,4.0,47.0,56.81818181818182,25,19,224,57.333333333333336,43,32,87.49041008393485,1,0
2013,Sunrisers Hyderabad,0,0,0,0,0.0,0,0,0,0.0,0.0,0.0,0.0,0.0,0,0,0,0.0,0,0,100.0,0,0
2014,Sunrisers Hyderabad,1,17,9,7,56.25,-38,0,0,56.25,9.0,7.0,-38.0,56.25,9,7,-38,56.25,9,7,100.0,0,0
2015,Sunrisers Hyderabad,2,31,15,15,50.0,-173,0,0,42.857142857142854,6.0,8.0,-135.0,50.0,15,15,-173,50.0,15,15,90.52981989482302,0,0
2016,Sunrisers Hyderabad,3,45,22,22,50.0,-89,0,0,50.0,7.0,7.0,84.0,50.0,22,22,-89,50.0,22,22,93.29861294690613,1,0
2017,Sunrisers Hyderabad,4,62,33,28,54.0984,4,1,0,64.70588235294117,11.0,6.0,93.0,53.333333333333336,24,21,42,54.09836065573771,33,28,90.71477934962937,0,0
2018,Sunrisers Hyderabad,5,76,41,34,54.6667,187,1,0,57.14285714285714,8.0,6.0,183.0,57.77777777777777,26,19,360,54.666666666666664,41,34,91.79121673043113,0,1
2019,Sunrisers Hyderabad,6,93,51,41,55.4348,234,1,1,58.82352941176471,10.0,7.0,47.0,60.416666666666664,29,19,323,55.26315789473685,42,34,92.4181963112106,0,0
2020,Sunrisers Hyderabad,7,108,57,49,53.7736,318,1,1,42.857142857142854,6.0,8.0,84.0,53.333333333333336,24,21,314,55.26315789473685,42,34,91.70301834042387,0,0
2021,Sunrisers Hyderabad,8,124,65,56,53.719,401,1,1,53.333333333333336,8.0,7.0,83.0,52.17391304347826,24,22,214,55.84415584415584,43,34,92.31840699548458,0,0
2022,Sunrisers Hyderabad,9,138,68,66,50.7463,261,1,1,23.076923076923077,3.0,10.0,-140.0,40.476190476190474,17,25,27,47.94520547945205,35,38,87.64026900812881,0,0
2023,Sunrisers Hyderabad,10,152,74,74,50.0,42,1,1,42.857142857142854,6.0,8.0,-219.0,40.476190476190474,17,25,-276,45.20547945205479,33,40,88.13656239829389,0,0
2024,Sunrisers Hyderabad,11,166,78,84,48.1481,-68,1,1,28.57142857142857,4.0,10.0,-110.0,31.70731707317073,13,28,-469,38.57142857142858,27,43,87.14246172740464,0,1
2025,Sunrisers Hyderabad,12,182,87,91,48.8764,-32,1,2,56.25,9.0,7.0,36.0,43.18181818181818,19,25,-293,41.66666666666667,30,42,87.47247097994513,0,0
2026,Sunrisers Hyderabad,13,196,93,98,48.6911,-97,1,2,46.15384615384615,6.0,7.0,-65.0,44.18604651162791,19,24,-139,40.0,28,42,87.99415307757799,0,0
