team,seasons_played,matches,wins,losses,no_results_or_ties,overall_win_percentage,runs_scored,runs_conceded,run_difference,championships,runner_ups,consistency_score
Chennai Super Kings,17,266,148,116,2,56.06,43600,42180,1420,5,5,87.08
Deccan Chargers,5,75,29,46,0,38.67,11463,11618,-155,1,0,82.74
Delhi Capitals,19,281,125,147,9,45.96,44255,45248,-993,0,1,86.33
Gujarat Lions,2,30,13,16,1,44.83,4862,5090,-228,0,0,81.98
Gujarat Titans,5,77,47,30,0,61.04,13743,13414,329,1,2,87.91
Kochi Tuskers Kerala,1,14,6,8,0,42.86,1901,1986,-85,0,0,100.0
Kolkata Knight Riders,19,278,140,131,7,51.66,43646,43747,-101,3,1,87.18
Lucknow Super Giants,5,72,34,36,2,48.57,12754,12814,-60,0,0,88.22
Mumbai Indians,19,291,155,132,4,54.01,47641,46648,993,5,1,85.13
Pune Warriors India,3,46,12,33,1,26.67,6358,6857,-499,0,0,96.67
Punjab Kings,19,278,126,145,7,46.49,45573,45650,-77,0,2,86.27
Rajasthan Royals,17,251,123,122,6,50.2,40437,40992,-555,1,1,87.91
Rising Pune Supergiants,2,30,15,15,0,50.0,4533,4549,-16,0,1,81.06
Royal Challengers Bengaluru,19,286,143,137,6,51.07,46332,46340,-8,2,3,87.06
Sunrisers Hyderabad,14,211,102,104,5,49.51,34640,34605,35,1,2,88.02
