team,historical_strength,recent_strength,latest_strength,consistency_strength,run_strength,team_strength_score
Chennai Super Kings,56.0606,40.0,42.8571,87.0803,50.8353,49.8608
Delhi Capitals,45.9559,50.0,50.0,86.3297,49.4774,52.7719
Gujarat Titans,61.039,55.7451,58.8235,87.9104,50.658,60.4352
Kolkata Knight Riders,51.6605,49.0476,41.6667,87.1828,49.9468,51.2594
Lucknow Super Giants,48.5714,38.2418,30.7692,88.2227,49.88,44.2279
Mumbai Indians,54.007,36.875,28.5714,85.1286,50.5226,44.0004
Punjab Kings,46.4945,52.8159,53.8462,86.2745,49.9595,54.9209
Rajasthan Royals,50.2041,49.3558,56.25,87.9074,49.6735,55.4806
Royal Challengers Bengaluru,51.0714,65.7083,68.75,87.063,49.9958,64.2577
Sunrisers Hyderabad,49.5146,55.0962,60.0,88.0214,50.025,58.2364
