team,historical_matches,historical_wins,historical_win_percentage,recent_matches,recent_wins,recent_win_percentage,matches_2026,wins_2026,win_percentage_2026,historical_component,recent_component,latest_component,comparison_index,comparison_position
Royal Challengers Bengaluru,286,143,50.48,46,29,62.92,16,11,68.75,15.144473684210524,25.166666666666668,20.625,60.94,1
Gujarat Titans,77,47,60.04,44,24,53.5,17,10,58.82,18.012,21.39866666666667,17.646,57.06,2
Sunrisers Hyderabad,211,102,48.78,45,24,54.13,15,9,60.0,14.633142857142856,21.653333333333336,18.0,54.29,3
Rajasthan Royals,251,123,49.46,45,22,49.01,16,9,56.25,14.837823529411763,19.602666666666664,16.875,51.32,4
Punjab Kings,278,126,45.76,46,22,50.69,14,7,53.85,13.728315789473685,20.27466666666667,16.155,50.16,5
Kolkata Knight Riders,278,140,50.97,41,21,53.97,14,5,41.67,15.291315789473684,21.588,12.501,49.38,6
Delhi Capitals,281,125,45.56,43,20,50.0,14,7,50.0,13.667052631578947,20.0,15.0,48.67,7
Chennai Super Kings,266,148,55.38,42,17,40.48,14,6,42.86,16.615411764705883,16.19066666666667,12.857999999999999,45.66,8
Lucknow Super Giants,72,34,48.15,42,17,41.21,14,4,30.77,14.446200000000001,16.484,9.231,40.16,9
Mumbai Indians,291,155,53.22,44,17,37.8,14,4,28.57,15.966000000000001,15.118666666666668,8.571,39.66,10
