team,overall_win_percentage,championships,runner_ups,consistency_score,run_difference,recent_win_percentage,win_percentage_2024,win_percentage_2025,win_percentage_2026,weighted_recent_form,matches_2026,wins_2026,losses_2026,no_results_2026,run_difference_2026,historical_strength,recent_strength,latest_strength,consistency_strength,run_strength,team_strength_score,current_ipl_team
Royal Challengers Bengaluru,51.07,2,3,87.06,-8,63.04,46.67,73.33,68.75,65.71,16,11,5,0,124,33.88594164456234,100.0,100.0,62.4595469255665,96.66666666666667,82.69,1
Gujarat Titans,61.04,1,2,87.91,329,54.55,41.67,60.0,58.82,55.75,17,10,7,0,31,100.0,65.45265348595214,75.28621204579393,89.96763754045301,57.91666666666667,77.01,1
Sunrisers Hyderabad,49.51,1,2,88.02,35,54.55,56.25,46.15,60.0,55.1,15,9,6,0,132,23.541114058355422,63.19805757891087,78.22299651567944,93.5275080906148,100.0,66.49,1
Rajasthan Royals,50.2,1,1,87.91,-555,50.0,60.0,30.77,56.25,49.36,16,9,7,0,12,28.11671087533158,43.28824141519251,68.8899950223992,89.96763754045301,50.0,53.27,1
Punjab Kings,46.49,0,2,86.27,-77,51.16,35.71,62.5,53.85,52.82,14,7,6,1,-32,3.514588859416454,55.28962885882762,62.916874066699854,36.893203883495126,31.666666666666664,43.02,1
Chennai Super Kings,56.06,5,5,87.08,1420,40.48,50.0,28.57,42.86,40.0,14,6,8,0,18,66.97612732095493,10.822060353798122,35.56495769039323,63.10679611650488,52.5,38.87,1
Kolkata Knight Riders,51.66,3,1,87.18,-101,55.26,78.57,41.67,41.67,49.05,14,5,7,2,-72,37.798408488063636,42.212972597988205,32.60328521652564,66.34304207119771,15.0,38.14,1
Delhi Capitals,45.96,0,1,86.33,-993,50.0,50.0,50.0,50.0,50.0,14,7,7,0,-22,0.0,45.50815123135623,53.3349925335988,38.834951456310726,35.833333333333336,37.12,1
Lucknow Super Giants,48.57,0,0,88.22,-60,41.46,50.0,42.86,30.77,38.24,14,4,9,1,-108,17.307692307692307,4.717308359347901,5.475360876057738,100.0,0.0,16.52,1
Mumbai Indians,54.01,5,1,85.13,993,38.64,28.57,56.25,28.57,36.88,14,4,10,0,-83,53.38196286472148,0.0,0.0,0.0,10.416666666666668,11.72,1
