,Chennai Super Kings,Delhi Capitals,Gujarat Titans,Kolkata Knight Riders,Lucknow Super Giants,Mumbai Indians,Punjab Kings,Rajasthan Royals,Royal Challengers Bengaluru,Sunrisers Hyderabad
Chennai Super Kings,0,21,4,21,3,20,16,16,21,15
Delhi Capitals,12,0,3,15,5,17,17,16,13,11
Gujarat Titans,6,5,0,4,5,5,4,8,4,6
Kolkata Knight Riders,11,20,2,0,2,12,21,17,20,20
Lucknow Super Giants,4,3,3,5,0,6,3,2,3,5
Mumbai Indians,21,21,4,25,3,0,18,16,19,14
Punjab Kings,16,18,4,13,5,17,0,12,18,8
Rajasthan Royals,16,15,3,12,6,16,18,0,15,10
Royal Challengers Bengaluru,14,20,6,16,5,16,20,17,0,12
Sunrisers Hyderabad,9,14,1,11,2,11,18,14,14,0
