team_a,team_b,matches_2024_2026,team_a_h2h_wins,team_b_h2h_wins,team_a_h2h_pct,team_b_h2h_pct,team_a_strength,team_b_strength,team_a_prediction_pct,team_b_prediction_pct,predicted_team,prediction_confidence
Chennai Super Kings,Delhi Capitals,4,2,2,50.0,50.0,31.44,40.38,47.7,52.3,Delhi Capitals,4.61
Chennai Super Kings,Gujarat Titans,5,2,3,40.0,60.0,31.44,86.06,33.51,66.49,Gujarat Titans,32.98
Chennai Super Kings,Kolkata Knight Riders,4,3,1,75.0,25.0,31.44,36.08,64.88,35.12,Chennai Super Kings,29.76
Chennai Super Kings,Lucknow Super Giants,5,2,3,40.0,60.0,31.44,0.92,51.97,48.03,Chennai Super Kings,3.93
Chennai Super Kings,Mumbai Indians,5,4,1,80.0,20.0,31.44,0.0,84.09,15.91,Chennai Super Kings,68.18
Chennai Super Kings,Punjab Kings,5,1,4,20.0,80.0,31.44,51.52,27.24,72.76,Punjab Kings,45.53
Chennai Super Kings,Rajasthan Royals,4,1,3,25.0,75.0,31.44,56.72,29.47,70.53,Rajasthan Royals,41.06
Chennai Super Kings,Royal Challengers Bengaluru,5,1,4,20.0,80.0,31.44,100.0,22.03,77.97,Royal Challengers Bengaluru,55.94
Chennai Super Kings,Sunrisers Hyderabad,5,1,4,20.0,80.0,31.44,70.42,24.94,75.06,Sunrisers Hyderabad,50.12
Delhi Capitals,Gujarat Titans,5,2,3,40.0,60.0,40.38,86.06,35.9,64.1,Gujarat Titans,28.2
Delhi Capitals,Kolkata Knight Riders,5,1,4,20.0,80.0,40.38,36.08,32.63,67.37,Kolkata Knight Riders,34.75
Delhi Capitals,Lucknow Super Giants,5,5,0,100.0,0.0,40.38,0.92,99.44,0.56,Delhi Capitals,98.87
Delhi Capitals,Mumbai Indians,5,2,3,40.0,60.0,40.38,0.0,54.9,45.1,Delhi Capitals,9.8
Delhi Capitals,Punjab Kings,5,2,2,40.0,40.0,40.38,51.52,47.06,52.94,Punjab Kings,5.87
Delhi Capitals,Rajasthan Royals,5,3,1,60.0,20.0,40.38,56.72,58.35,41.65,Delhi Capitals,16.7
Delhi Capitals,Royal Challengers Bengaluru,5,2,3,40.0,60.0,40.38,100.0,33.99,66.01,Royal Challengers Bengaluru,32.01
Delhi Capitals,Sunrisers Hyderabad,4,1,2,25.0,50.0,40.38,70.42,35.04,64.96,Sunrisers Hyderabad,29.93
Gujarat Titans,Kolkata Knight Riders,3,2,1,66.67,33.33,86.06,36.08,68.56,31.44,Gujarat Titans,37.13
Gujarat Titans,Lucknow Super Giants,4,1,3,25.0,75.0,86.06,0.92,55.74,44.26,Gujarat Titans,11.48
Gujarat Titans,Mumbai Indians,5,3,2,60.0,40.0,86.06,0.0,76.53,23.47,Gujarat Titans,53.05
Gujarat Titans,Punjab Kings,5,2,3,40.0,60.0,86.06,51.52,51.94,48.06,Gujarat Titans,3.88
Gujarat Titans,Rajasthan Royals,6,4,2,66.67,33.33,86.06,56.72,63.22,36.78,Gujarat Titans,26.45
Gujarat Titans,Royal Challengers Bengaluru,7,2,5,28.57,71.43,86.06,100.0,39.24,60.76,Royal Challengers Bengaluru,21.52
Gujarat Titans,Sunrisers Hyderabad,4,4,0,100.0,0.0,86.06,70.42,74.73,25.27,Gujarat Titans,49.46
Kolkata Knight Riders,Lucknow Super Giants,5,2,2,40.0,40.0,36.08,0.92,63.04,36.96,Kolkata Knight Riders,26.09
Kolkata Knight Riders,Mumbai Indians,5,3,2,60.0,40.0,36.08,0.0,69.12,30.88,Kolkata Knight Riders,38.23
Kolkata Knight Riders,Punjab Kings,4,0,2,0.0,50.0,36.08,51.52,24.26,75.74,Punjab Kings,51.48
Kolkata Knight Riders,Rajasthan Royals,4,3,1,75.0,25.0,36.08,56.72,59.41,40.59,Kolkata Knight Riders,18.82
Kolkata Knight Riders,Royal Challengers Bengaluru,4,2,2,50.0,50.0,36.08,100.0,37.63,62.37,Royal Challengers Bengaluru,24.75
Kolkata Knight Riders,Sunrisers Hyderabad,7,5,2,71.43,28.57,36.08,70.42,53.94,46.06,Kolkata Knight Riders,7.89
Lucknow Super Giants,Mumbai Indians,5,3,2,60.0,40.0,0.92,0.0,60.3,39.7,Lucknow Super Giants,20.6
Lucknow Super Giants,Punjab Kings,5,1,4,20.0,80.0,0.92,51.52,14.52,85.48,Punjab Kings,70.96
Lucknow Super Giants,Rajasthan Royals,5,1,4,20.0,80.0,0.92,56.72,14.1,85.9,Rajasthan Royals,71.79
Lucknow Super Giants,Royal Challengers Bengaluru,4,2,2,50.0,50.0,0.92,100.0,27.8,72.2,Royal Challengers Bengaluru,44.4
Lucknow Super Giants,Sunrisers Hyderabad,4,2,2,50.0,50.0,0.92,70.42,32.05,67.95,Sunrisers Hyderabad,35.91
Mumbai Indians,Punjab Kings,5,2,3,40.0,60.0,0.0,51.52,28.14,71.86,Punjab Kings,43.72
Mumbai Indians,Rajasthan Royals,5,1,4,20.0,80.0,0.0,56.72,13.66,86.34,Rajasthan Royals,72.68
Mumbai Indians,Royal Challengers Bengaluru,4,1,3,25.0,75.0,0.0,100.0,13.75,86.25,Royal Challengers Bengaluru,72.5
Mumbai Indians,Sunrisers Hyderabad,5,3,2,60.0,40.0,0.0,70.42,38.07,61.93,Sunrisers Hyderabad,23.87
Punjab Kings,Rajasthan Royals,5,2,3,40.0,60.0,51.52,56.72,43.57,56.43,Rajasthan Royals,12.86
Punjab Kings,Royal Challengers Bengaluru,7,1,6,14.29,85.71,51.52,100.0,25.2,74.8,Royal Challengers Bengaluru,49.6
Punjab Kings,Sunrisers Hyderabad,5,1,4,20.0,80.0,51.52,70.42,31.11,68.89,Sunrisers Hyderabad,37.77
Rajasthan Royals,Royal Challengers Bengaluru,5,3,2,60.0,40.0,56.72,100.0,46.62,53.38,Royal Challengers Bengaluru,6.75
Rajasthan Royals,Sunrisers Hyderabad,6,1,5,16.67,83.33,56.72,70.42,30.92,69.08,Sunrisers Hyderabad,38.17
Royal Challengers Bengaluru,Sunrisers Hyderabad,5,2,3,40.0,60.0,100.0,70.42,50.88,49.12,Royal Challengers Bengaluru,1.75
