player,runs,balls,strike_rate
V Suryavanshi,776,344,225.58
Shubman Gill,732,472,155.08
B Sai Sudharsan,722,481,150.1
V Kohli,675,425,158.82
H Klaasen,624,413,151.09
Ishan Kishan,602,342,176.02
KL Rahul,593,355,167.04
Abhishek Sharma,563,304,185.2
MR Marsh,563,358,157.26
JC Buttler,526,352,149.43
Dhruv Jurel,515,345,149.28
P Simran Singh,510,316,161.39
RM Patidar,501,276,181.52
SS Iyer,498,306,162.75
C Connolly,491,316,155.38
SV Samson,477,295,161.69
D Padikkal,464,283,163.96
RD Rickelton,448,247,181.38
YBK Jaiswal,427,296,144.26
A Raghuvanshi,422,302,139.74
TM Head,410,253,162.06
Washington Sundar,377,263,143.35
Priyansh Arya,364,181,201.1
Tilak Varma,359,255,140.78
FH Allen,349,168,207.74
RD Gaikwad,337,291,115.81
AM Rahane,335,258,129.84
C Green,322,230,140.0
Naman Dhir,318,218,145.87
D Ferreira,317,181,175.14
RR Pant,313,235,133.19
R Parag,309,203,152.22
TH David,305,173,176.3
Nithish Kumar Reddy,302,184,164.13
RK Singh,299,212,141.04
Kartik Sharma,295,220,134.09
RG Sharma,283,184,153.8
P Nissanka,278,180,154.44
T Stubbs,275,225,122.22
S Dube,270,189,142.86
SA Yadav,270,193,139.9
JP Inglis,266,151,176.16
RA Jadeja,266,209,127.27
Sameer Rizvi,252,178,141.57
N Pooran,234,196,119.39
AK Markram,231,171,135.09
KH Pandya,226,163,138.65
N Rana,225,158,142.41
MP Stoinis,216,131,164.89
A Badoni,215,145,148.28
DA Miller,211,146,144.52
VR Iyer,209,116,180.17
HH Pandya,206,154,133.77
PD Salt,202,123,164.23
A Mhatre,201,119,168.91
R Powell,190,148,128.38
R Tewatia,190,143,132.87
AR Patel,173,146,118.49
Ashutosh Sharma,171,100,171.0
MD Choudhary,170,122,139.34
SN Khan,161,100,161.0
Suryansh Shedge,158,92,171.74
D Brevis,151,127,118.9
WG Jacks,139,79,175.95
J Overton,136,91,149.45
Q de Kock,132,85,155.29
Shashank Singh,132,78,169.23
Urvil Patel,129,68,189.71
SE Rutherford,123,83,148.19
S Arora,121,81,149.38
JM Sharma,116,96,120.83
Abdul Samad,116,92,126.09
Abishek Porel,108,94,114.89
JG Bethell,96,81,118.52
Himmat Singh,92,74,124.32
PR Veer,90,72,125.0
R Shepherd,83,68,122.06
Ramandeep Singh,82,70,117.14
SB Dubey,81,61,132.79
Aniket Verma,79,57,138.6
SO Hetmyer,78,74,105.41
MK Pandey,70,51,137.25
GD Phillips,67,57,117.54
N Wadhera,65,61,106.56
JO Holder,65,55,118.18
JC Archer,64,49,130.61
MD Shanaka,63,48,131.25
N Sindhu,63,51,123.53
MW Short,60,54,111.11
A Kamboj,58,40,145.0
Shahbaz Ahmed,58,41,141.46
Shivang Kumar,53,50,106.0
AS Roy,52,41,126.83
Azmatullah Omarzai,52,28,185.71
M Jansen,51,50,102.0
Rashid Khan,50,45,111.11
C Bosch,50,31,161.29
K Rabada,47,40,117.5
SU Parakh,46,33,139.39
M Shahrukh Khan,43,34,126.47
SP Narine,40,34,117.65
Salil Arora,35,25,140.0
B Kumar,34,28,121.43
GF Linde,31,21,147.62
Mohammed Shami,31,23,134.78
PJ Cummins,30,20,150.0
XC Bartlett,29,14,207.14
Akshat Raghuwanshi,29,27,107.41
MJ Santner,26,21,123.81
TU Deshpande,26,14,185.71
DL Chahar,25,19,131.58
SN Thakur,24,33,72.73
Arshad Khan,23,12,191.67
TL Seifert,19,18,105.56
R Smaran,19,25,76.0
KK Nair,18,18,100.0
M Tiwari,18,8,225.0
Kumar Kushagra,18,14,128.57
AA Kulkarni,17,25,68.0
RA Bawa,16,14,114.29
LS Livingstone,15,26,57.69
V Nigam,15,10,150.0
Vishnu Vinod,15,8,187.5
N Burger,14,9,155.56
Auqib Nabi,14,4,350.0
Harsh Dubey,13,11,118.18
T Dahiya,12,15,80.0
KA Jamieson,12,14,85.71
Noor Ahmad,11,24,45.83
Kartik Tyagi,11,10,110.0
Krish Bhagat,10,21,47.62
HV Patel,10,9,111.11
Kuldeep Yadav,9,23,39.13
TA Boult,8,4,200.0
JJ Bumrah,7,8,87.5
MJ Henry,7,10,70.0
E Malinga,7,18,38.89
LG Pretorius,7,8,87.5
M Prasidh Krishna,6,7,85.71
R Minz,6,4,150.0
Avesh Khan,6,7,85.71
DA Payne,6,5,120.0
CV Varun,5,6,83.33
Arjun Tendulkar,5,5,100.0
Sakib Hussain,5,7,71.43
AJ Hosein,5,3,166.67
Mohammed Siraj,5,17,29.41
MP Yadav,5,6,83.33
Harpreet Brar,5,3,166.67
SR Dubey,4,2,200.0
JD Unadkat,4,3,133.33
L Ngidi,4,7,57.14
Ravi Singh,4,2,200.0
PP Hinge,3,9,33.33
Rasikh Salam,3,3,100.0
AF Milne,2,2,100.0
Brijesh Sharma,2,4,50.0
DS Rathi,2,5,40.0
AM Ghazanfar,2,3,66.67
DV Malewar,2,5,40.0
Vijaykumar Vyshak,2,4,50.0
Mukesh Choudhary,2,2,100.0
Ashok Sharma,1,5,20.0
Ashwani Kumar,1,6,16.67
VG Arora,1,3,33.33
Arshdeep Singh,1,1,100.0
T Natarajan,1,2,50.0
SS Mishra,1,3,33.33
A Nortje,0,1,0.0
Prince Yadav,0,1,0.0
MA Starc,0,2,0.0
Mohsin Khan,0,4,0.0
JR Hazlewood,0,1,0.0
PVD Chameera,0,3,0.0
SH Johnson,0,1,0.0
Ravi Bishnoi,0,3,0.0
