player,player_of_match_awards
AB de Villiers,22
CH Gayle,21
V Kohli,21
RG Sharma,19
SP Narine,18
DA Warner,17
RA Jadeja,16
AD Russell,16
KL Rahul,14
MS Dhoni,14
Rashid Khan,13
AM Rahane,13
JC Buttler,13
Shubman Gill,13
SV Samson,12
SK Raina,11
DR Smith,11
G Gambhir,11
A Mishra,11
KA Pollard,11
MEK Hussey,11
SR Watson,11
UT Yadav,10
F du Plessis,10
YK Pathan,10
S Dhawan,10
SS Iyer,10
KH Pandya,9
RD Gaikwad,9
JJ Bumrah,9
GJ Maxwell,9
Kuldeep Yadav,8
V Sehwag,8
AT Rayudu,8
HH Pandya,8
SA Yadav,8
RR Pant,8
Ishan Kishan,8
JH Kallis,7
B Kumar,7
AR Patel,7
CV Varun,7
Abhishek Sharma,7
Harbhajan Singh,7
MP Stoinis,7
YBK Jaiswal,6
N Rana,6
BJ Hodge,6
Mohammed Siraj,6
Sandeep Sharma,6
MR Marsh,6
RV Uthappa,6
MA Starc,6
Q de Kock,5
Yuvraj Singh,5
PA Patel,5
JP Faulkner,5
AJ Finch,5
NM Coulter-Nile,5
DW Steyn,5
KS Williamson,5
A Nehra,5
JD Unadkat,5
DA Miller,5
MM Sharma,5
HV Patel,5
SPD Smith,5
RM Patidar,5
MK Pandey,5
AC Gilchrist,5
JM Bairstow,5
YS Chahal,5
SL Malinga,5
Mohammed Shami,4
JP Duminy,4
WP Saha,4
SE Marsh,4
BB McCullum,4
M Vijay,4
V Suryavanshi,4
PD Salt,4
K Rabada,4
Harpreet Brar,4
TA Boult,4
SN Thakur,4
B Sai Sudharsan,4
I Sharma,4
N Pooran,4
MA Agarwal,4
SM Curran,4
SR Tendulkar,4
VR Iyer,4
DP Conway,4
RK Singh,4
R Ashwin,4
KD Karthik,4
JR Hazlewood,4
CA Lynn,4
BA Stokes,3
CJ Anderson,3
PP Shaw,3
CH Morris,3
Avesh Khan,3
JO Holder,3
C Green,3
TH David,3
SO Hetmyer,3
KC Sangakkara,3
JC Archer,3
M Prasidh Krishna,3
Priyansh Arya,3
Sameer Rizvi,3
Noor Ahmad,3
WG Jacks,3
Mandeep Singh,3
M Vohra,3
DPMD Jayawardene,3
LRPL Taylor,3
SK Warne,3
RA Tripathi,3
DJ Bravo,3
KK Nair,3
LMP Simmons,3
P Simran Singh,3
TM Head,3
PWH de Silva,2
KK Ahmed,2
PJ Cummins,2
MC Henriques,2
AB Dinda,2
Umran Malik,2
AJ Tye,2
Akash Madhwal,2
H Klaasen,2
Mustafizur Rahman,2
MP Yadav,2
RD Rickelton,2
R Shepherd,2
Nithish Kumar Reddy,2
Tilak Varma,2
M Muralitharan,2
KV Sharma,2
B Lee,2
R Dravid,2
AS Rajpoot,2
JJ Roy,2
MG Johnson,2
PV Tambe,2
D Padikkal,2
R Parag,2
S Gopal,2
DL Chahar,2
M Pathirana,2
MM Ali,2
EJG Morgan,2
Arshdeep Singh,2
S Dube,2
VR Aaron,2
PC Valthaty,2
SK Trivedi,2
Iqbal Abdulla,2
L Balaji,2
HM Amla,2
ML Hayden,2
LH Ferguson,2
GH Vihari,2
R Sharma,2
PP Chawla,2
BW Hilfenhaus,2
Azhar Mahmood,2
Shakib Al Hasan,2
M Morkel,2
P Negi,2
MJ McClenaghan,2
MM Patel,2
GD Phillips,1
AS Joseph,1
HF Gurney,1
KMA Paul,1
Imran Tahir,1
PN Mankad,1
GJ Bailey,1
LJ Wright,1
DJ Hooda,1
AP Tare,1
DJG Sammy,1
A Nortje,1
KS Bharat,1
E Lewis,1
OF Smith,1
Kartik Tyagi,1
Shivam Mavi,1
Anuj Rawat,1
LS Livingstone,1
Mukesh Choudhary,1
M Jansen,1
MS Gony,1
R Vinay Kumar,1
KK Cooper,1
Harmeet Singh,1
Z Khan,1
KM Jadhav,1
J Little,1
L Ngidi,1
HC Brook,1
A Manohar,1
Sikandar Raza,1
Mohsin Khan,1
DR Sams,1
RD Chahar,1
MA Wood,1
NT Ellis,1
R Tewatia,1
JM Sharma,1
JP Inglis,1
D Brevis,1
Suyash Sharma,1
Shahbaz Ahmed,1
Ashwani Kumar,1
Ashutosh Sharma,1
AK Markram,1
Simarjeet Singh,1
J Fraser-McGurk,1
R Sai Kishore,1
Yash Thakur,1
WD Parnell,1
Shashank Singh,1
RR Rossouw,1
SB Jakati,1
DP Nannes,1
MV Boucher,1
Mujeeb Ur Rahman,1
TG Southee,1
B Stanlake,1
HH Gibbs,1
SW Billings,1
RS Bopara,1
TM Dilshan,1
PP Ojha,1
D Ferreira,1
J Overton,1
M Tiwari,1
DL Vettori,1
RP Singh,1
Ravi Bishnoi,1
C Connolly,1
PP Hinge,1
MD Choudhary,1
N Burger,1
FH Allen,1
T Stubbs,1
E Malinga,1
JA Duffy,1
DS Rathi,1
VG Arora,1
Mukesh Kumar,1
A Singh,1
GC Smith,1
LR Shukla,1
Washington Sundar,1
J Botha,1
MK Tiwary,1
DE Bollinger,1
A Kumble,1
SB Wagh,1
S Anirudha,1
MD Mishra,1
S Sohal,1
R Bhatia,1
S Badrinath,1
RE Levi,1
JEC Franklin,1
BA Bhatt,1
S Aravind,1
P Parameswaran,1
JA Morkel,1
S Nadeem,1
JD Ryder,1
KP Pietersen,1
AD Mascarenhas,1
IK Pathan,1
MN Samuels,1
CL White,1
SC Ganguly,1
A Chandila,1
KMDN Kulasekara,1
MS Bisla,1
DJ Hussey,1
CR Brathwaite,1
P Kumar,1
A Zampa,1
BCJ Cutting,1
