prediction_season,team,matches_2008_2026,wins_2008_2026,losses_2008_2026,historical_win_percentage,historical_run_difference,titles_before_2027,runner_ups_before_2027,last_3_win_percentage,last_5_win_percentage,win_percentage_2024,win_percentage_2025,win_percentage_2026,weighted_recent_form,matches_2026,wins_2026,losses_2026,run_difference_2026,historical_strength,recent_strength,latest_strength,consistency_strength,run_strength,team_strength_score,current_team
2027,Chennai Super Kings,266,148,116,56.0606,1420,5,5,40.4762,43.662,50.0,28.5714,42.8571,40.0,14.0,6.0,8.0,18.0,56.0606,40.0,42.8571,87.0803,50.8353,49.8608,1
2027,Delhi Capitals,281,125,147,45.9559,-993,0,1,50.0,47.0588,50.0,50.0,50.0,50.0,14.0,7.0,7.0,-22.0,45.9559,50.0,50.0,86.3297,49.4774,52.7719,1
2027,Gujarat Titans,77,47,30,61.039,329,1,2,54.5455,61.039,41.6667,60.0,58.8235,55.7451,17.0,10.0,7.0,31.0,61.039,55.7451,58.8235,87.9104,50.658,60.4352,1
2027,Kolkata Knight Riders,278,140,131,51.6605,-101,3,1,55.2632,50.0,78.5714,41.6667,41.6667,49.0476,14.0,5.0,7.0,-72.0,51.6605,49.0476,41.6667,87.1828,49.9468,51.2594,1
2027,Lucknow Super Giants,72,34,36,48.5714,-60,0,0,41.4634,48.5714,50.0,42.8571,30.7692,38.2418,14.0,4.0,9.0,-108.0,48.5714,38.2418,30.7692,88.2227,49.88,44.2279,1
2027,Mumbai Indians,291,155,132,54.007,993,5,1,38.6364,40.5405,28.5714,56.25,28.5714,36.875,14.0,4.0,10.0,-83.0,54.007,36.875,28.5714,85.1286,50.5226,44.0004,1
2027,Punjab Kings,278,126,145,46.4945,-77,0,2,51.1628,49.2958,35.7143,62.5,53.8462,52.8159,14.0,7.0,6.0,-32.0,46.4945,52.8159,53.8462,86.2745,49.9595,54.9209,1
2027,Rajasthan Royals,251,123,122,50.2041,-555,1,1,50.0,52.0,60.0,30.7692,56.25,49.3558,16.0,9.0,7.0,12.0,50.2041,49.3558,56.25,87.9074,49.6735,55.4806,1
2027,Royal Challengers Bengaluru,286,143,137,51.0714,-8,2,3,63.0435,59.2105,46.6667,73.3333,68.75,65.7083,16.0,11.0,5.0,124.0,51.0714,65.7083,68.75,87.063,49.9958,64.2577,1
2027,Sunrisers Hyderabad,211,102,104,49.5146,35,1,2,54.5455,47.2222,56.25,46.1538,60.0,55.0962,15.0,9.0,6.0,132.0,49.5146,55.0962,60.0,88.0214,50.025,58.2364,1
